gender,period,cat_age_map,gnr,nbcas,geo_unit_name,pop
1,1992,65+,6624,0,Gy,42
1,1989,65+,6624,0,Gy,44
1,1995,65+,6624,0,Gy,45
1,1989,65+,6637,1,Russin,47
1,1992,65+,6627,2,Laconnex,47
1,1998,65+,6624,1,Gy,47
1,1989,65+,6627,0,Laconnex,49
1,2001,65+,6624,2,Gy,49
2,1989,65+,6624,0,Gy,49
1,1995,65+,6627,3,Laconnex,54
2,1992,65+,6624,2,Gy,55
1,1992,65+,6637,1,Russin,57
1,1989,65+,6601,1,Aire-la-Ville,58
1,2004,65+,6624,2,Gy,60
1,1995,65+,6637,1,Russin,62
2,1995,65+,6624,1,Gy,62
1,2007,65+,6624,2,Gy,64
2,1998,65+,6624,1,Gy,65
2,1989,65+,6637,1,Russin,68
2,1998,65+,6637,1,Russin,69
1,1989,65+,6611,1,Chancy,70
1,2010,65+,6624,2,Gy,71
1,1989,65+,6604,1,Avusy,72
2,1989,65+,6601,0,Aire-la-Ville,72
2,1992,65+,6627,0,Laconnex,72
2,1995,65+,6637,2,Russin,72
1,1998,65+,6637,3,Russin,73
2,2001,65+,6624,0,Gy,73
1,1989,65+,6639,0,Soral,74
2,1992,65+,6637,1,Russin,74
1,2013,65+,6624,2,Gy,75
1,1992,65+,6611,1,Chancy,76
1,2001,65+,6611,1,Chancy,76
2,1989,65+,6627,0,Laconnex,76
2,1992,65+,6601,2,Aire-la-Ville,76
1,1992,65+,6601,2,Aire-la-Ville,77
1,1998,65+,6627,1,Laconnex,77
1,1992,65+,6639,1,Soral,80
2,1995,65+,6627,3,Laconnex,80
1,1995,65+,6601,2,Aire-la-Ville,81
1,1998,65+,6611,1,Chancy,81
2,2001,65+,6637,0,Russin,81
1,1995,65+,6611,0,Chancy,82
1,1998,65+,6601,5,Aire-la-Ville,82
2,1989,65+,6604,0,Avusy,82
2,2007,65+,6624,2,Gy,82
2,1995,65+,6601,1,Aire-la-Ville,83
2,1998,65+,6627,0,Laconnex,83
1,2001,65+,6637,1,Russin,84
2,1992,65+,6604,2,Avusy,84
1,1992,65+,6604,3,Avusy,86
1,1995,65+,6639,2,Soral,86
1,2001,65+,6627,2,Laconnex,86
2,1989,65+,6611,1,Chancy,87
2,2004,65+,6624,2,Gy,87
2,1989,65+,6639,2,Soral,88
1,1989,65+,6609,3,Cartigny,89
1,2004,65+,6627,1,Laconnex,89
2,2007,65+,6637,3,Russin,89
2,1998,65+,6601,1,Aire-la-Ville,90
2,2001,65+,6611,2,Chancy,90
2,1998,65+,6611,3,Chancy,91
1,2004,65+,6637,3,Russin,92
1,2001,65+,6601,5,Aire-la-Ville,93
2,2004,65+,6637,4,Russin,93
2,1992,0-19,6637,0,Russin,95
1,1992,65+,6610,0,Céligny,96
2,1989,0-19,6624,0,Gy,96
1,1995,65+,6610,1,Céligny,97
1,1998,65+,6610,0,Céligny,97
2,2010,65+,6637,1,Russin,97
2,1995,65+,6604,0,Avusy,98
1,1998,65+,6635,1,Presinge,99
1,2004,65+,6611,4,Chancy,99
1,2016,65+,6624,2,Gy,99
2,1995,0-19,6637,0,Russin,99
2,1992,65+,6639,3,Soral,101
2,2001,65+,6627,3,Laconnex,101
2,2013,65+,6624,1,Gy,101
1,2007,65+,6637,0,Russin,102
2,2010,65+,6624,1,Gy,102
2,1992,65+,6611,0,Chancy,103
2,2001,65+,6601,2,Aire-la-Ville,103
1,1989,0-19,6624,0,Gy,104
2,2013,65+,6637,1,Russin,104
1,1989,65+,6610,3,Céligny,105
1,1995,65+,6604,3,Avusy,105
1,2001,65+,6639,2,Soral,107
1,2001,65+,6610,3,Céligny,108
1,1992,65+,6603,3,Avully,110
1,2004,65+,6601,1,Aire-la-Ville,110
1,1989,65+,6635,3,Presinge,111
1,1992,65+,6625,2,Hermance,111
1,1992,65+,6609,1,Cartigny,112
1,1995,65+,6635,7,Presinge,113
2,1989,0-19,6637,0,Russin,113
1,1989,65+,6625,0,Hermance,114
1,1998,65+,6639,3,Soral,114
1,2004,65+,6639,1,Soral,115
1,2001,65+,6635,6,Presinge,116
1,2019,65+,6624,2,Gy,116
2,2004,65+,6611,1,Chancy,116
1,2010,65+,6637,2,Russin,119
2,2016,65+,6637,0,Russin,119
2,1995,65+,6611,4,Chancy,120
1,2004,65+,6610,0,Céligny,121
1,2007,65+,6627,0,Laconnex,121
2,1998,0-19,6637,0,Russin,121
2,1992,0-19,6624,0,Gy,122
2,2016,65+,6624,1,Gy,122
1,2013,65+,6637,2,Russin,123
1,1989,65+,6615,4,Collex-Bossy,124
1,1992,0-19,6637,0,Russin,124
1,1995,65+,6625,4,Hermance,125
2,1992,65+,6615,2,Collex-Bossy,125
2,2004,65+,6601,0,Aire-la-Ville,125
2,2004,65+,6627,1,Laconnex,125
1,1992,0-19,6624,0,Gy,126
1,1989,65+,6603,2,Avully,127
1,1995,65+,6603,3,Avully,128
1,2004,65+,6635,2,Presinge,128
1,2007,65+,6611,4,Chancy,129
2,2019,65+,6637,3,Russin,129
1,1998,65+,6604,0,Avusy,130
2,1992,65+,6610,2,Céligny,130
1,1995,65+,6609,1,Cartigny,131
1,2007,65+,6601,3,Aire-la-Ville,131
1,1992,65+,6635,4,Presinge,132
1,2007,65+,6639,4,Soral,133
1,2019,65+,6637,3,Russin,133
2,1989,65+,6606,1,Bellevue,133
2,2001,0-19,6637,0,Russin,134
2,2007,65+,6611,2,Chancy,134
2,1989,65+,6615,0,Collex-Bossy,135
1,1989,0-19,6637,0,Russin,136
2,1989,65+,6610,4,Céligny,136
2,1995,65+,6610,3,Céligny,136
2,1998,65+,6604,3,Avusy,136
2,1995,65+,6615,2,Collex-Bossy,138
1,2007,65+,6610,4,Céligny,139
1,2016,65+,6637,8,Russin,139
2,1992,65+,6606,2,Bellevue,140
2,2019,0-19,6637,0,Russin,140
2,1998,65+,6610,1,Céligny,141
1,1998,65+,6609,2,Cartigny,142
1,1995,0-19,6637,0,Russin,143
1,2001,65+,6625,6,Hermance,143
2,2001,65+,6610,4,Céligny,143
1,2019,0-19,6637,0,Russin,146
2,2016,0-19,6637,0,Russin,146
1,1992,65+,6615,2,Collex-Bossy,147
1,1998,65+,6625,4,Hermance,147
1,2007,65+,6635,5,Presinge,147
2,2004,65+,6610,0,Céligny,147
1,2004,65+,6625,4,Hermance,148
2,2019,65+,6624,3,Gy,148
2,1995,65+,6639,2,Soral,149
1,1995,65+,6626,5,Jussy,150
1,1998,65+,6603,4,Avully,150
2,2007,65+,6601,0,Aire-la-Ville,150
2,2007,65+,6627,0,Laconnex,150
1,2004,0-19,6637,0,Russin,151
1,1992,65+,6626,6,Jussy,152
1,1995,65+,6615,4,Collex-Bossy,152
1,2010,65+,6610,4,Céligny,152
2,1989,65+,6609,1,Cartigny,152
1,1992,0-19,6635,0,Presinge,153
1,2010,65+,6601,1,Aire-la-Ville,153
1,2016,0-19,6637,0,Russin,154
2,2004,0-19,6637,0,Russin,154
1,1989,65+,6606,3,Bellevue,155
1,2007,0-19,6637,0,Russin,155
2,2007,0-19,6637,0,Russin,155
2,1998,65+,6615,4,Collex-Bossy,156
1,2001,65+,6609,4,Cartigny,157
1,1989,65+,6636,3,Puplinge,159
1,1992,65+,6636,9,Puplinge,159
1,2004,65+,6609,7,Cartigny,160
2,1992,65+,6609,2,Cartigny,160
2,1995,65+,6606,2,Bellevue,160
2,2001,65+,6604,2,Avusy,160
2,2013,0-19,6637,0,Russin,160
1,1998,65+,6615,5,Collex-Bossy,161
1,2001,65+,6603,4,Avully,161
2,1992,65+,6603,4,Avully,162
1,2019,0-19,6624,0,Gy,163
1,2007,65+,6625,4,Hermance,164
2,1995,65+,6603,1,Avully,164
2,2007,65+,6610,5,Céligny,164
1,1995,65+,6636,3,Puplinge,166
1,2004,65+,6614,3,Choulex,166
2,2001,65+,6615,2,Collex-Bossy,166
1,1989,0-19,6635,0,Presinge,167
1,1989,65+,6626,3,Jussy,168
1,1998,65+,6626,4,Jussy,168
1,1992,65+,6606,3,Bellevue,169
1,2010,0-19,6637,0,Russin,169
1,2013,65+,6610,1,Céligny,169
1,2001,65+,6604,3,Avusy,170
2,1989,0-19,6639,0,Soral,170
2,1995,65+,6609,2,Cartigny,170
1,2010,65+,6611,3,Chancy,171
1,2010,65+,6627,3,Laconnex,171
1,2010,65+,6639,4,Soral,171
1,2013,0-19,6637,0,Russin,171
1,2016,0-19,6624,0,Gy,172
2,2010,65+,6627,3,Laconnex,172
1,1992,65+,6614,4,Choulex,173
1,2007,0-19,6624,0,Gy,173
2,2004,65+,6604,3,Avusy,173
1,1995,0-19,6624,0,Gy,174
2,1998,65+,6609,3,Cartigny,174
2,1995,0-19,6624,0,Gy,175
2,2001,65+,6609,2,Cartigny,175
2,2010,65+,6610,4,Céligny,175
1,1995,65+,6606,2,Bellevue,176
1,1998,0-19,6637,0,Russin,176
1,2001,0-19,6637,0,Russin,176
2,2010,0-19,6637,0,Russin,176
1,1989,65+,6614,2,Choulex,177
2,2010,65+,6611,5,Chancy,177
1,2010,65+,6635,5,Presinge,179
1,2013,0-19,6624,0,Gy,179
2,1998,65+,6639,2,Soral,179
2,2004,65+,6609,7,Cartigny,179
2,2019,0-19,6624,0,Gy,179
1,2004,0-19,6624,0,Gy,180
1,2007,65+,6609,3,Cartigny,180
2,1989,65+,6603,3,Avully,180
1,2001,65+,6614,5,Choulex,181
1,2010,0-19,6624,0,Gy,182
1,1989,65+,6619,2,Corsier,183
2,2010,65+,6601,1,Aire-la-Ville,183
2,1998,0-19,6639,0,Soral,184
1,1989,65+,6632,4,Perly-Certoux,186
2,2001,0-19,6627,0,Laconnex,186
1,1992,0-19,6627,0,Laconnex,187
1,2010,65+,6625,5,Hermance,187
2,1998,65+,6603,2,Avully,187
1,1995,65+,6614,5,Choulex,190
1,1998,0-19,6635,0,Presinge,190
1,2016,65+,6610,9,Céligny,190
1,1995,0-19,6627,0,Laconnex,191
1,2001,65+,6626,3,Jussy,191
1,2019,65+,6610,1,Céligny,191
2,1992,0-19,6639,0,Soral,191
2,1989,0-19,6635,0,Presinge,193
2,2001,65+,6603,3,Avully,193
2,2013,65+,6610,6,Céligny,193
1,1992,65+,6632,5,Perly-Certoux,194
1,1995,0-19,6635,1,Presinge,194
1,1998,65+,6606,5,Bellevue,194
1,2001,0-19,6624,0,Gy,194
1,2004,65+,6604,10,Avusy,194
1,2013,65+,6601,6,Aire-la-Ville,195
2,1998,65+,6606,4,Bellevue,195
2,2001,0-19,6639,0,Soral,195
2,1989,65+,6636,0,Puplinge,196
2,1989,65+,6625,4,Hermance,197
2,1995,0-19,6639,0,Soral,197
2,2004,0-19,6624,0,Gy,197
2,2016,0-19,6624,0,Gy,197
1,2016,0-19,6627,0,Laconnex,198
1,1989,0-19,6601,0,Aire-la-Ville,199
1,1998,65+,6614,3,Choulex,199
1,2019,0-19,6627,0,Laconnex,199
2,2013,0-19,6627,0,Laconnex,199
2,2013,65+,6627,2,Laconnex,199
2,1995,65+,6626,2,Jussy,200
2,1998,0-19,6624,0,Gy,200
1,2013,65+,6627,1,Laconnex,201
2,1995,0-19,6627,0,Laconnex,201
2,1998,0-19,6627,0,Laconnex,201
1,1989,65+,6602,5,Anières,202
1,2007,65+,6614,8,Choulex,202
1,2013,65+,6639,5,Soral,202
2,2004,65+,6615,1,Collex-Bossy,202
2,2010,0-19,6624,0,Gy,202
2,2016,0-19,6635,0,Presinge,202
1,2001,65+,6615,4,Collex-Bossy,203
1,2007,0-19,6635,0,Presinge,203
1,2013,0-19,6627,0,Laconnex,203
1,2013,65+,6635,2,Presinge,203
1,1989,65+,6629,2,Meinier,204
2,1989,65+,6626,1,Jussy,204
2,1989,65+,6635,6,Presinge,204
1,1989,0-19,6627,0,Laconnex,205
1,1998,0-19,6624,0,Gy,205
1,2004,65+,6603,3,Avully,206
2,1992,65+,6626,2,Jussy,206
2,1992,65+,6636,3,Puplinge,206
2,2007,0-19,6624,0,Gy,206
1,1998,0-19,6627,0,Laconnex,208
1,2010,65+,6609,2,Cartigny,208
1,2016,65+,6601,2,Aire-la-Ville,208
2,1992,65+,6625,3,Hermance,208
2,1998,65+,6626,2,Jussy,208
2,2007,65+,6609,5,Cartigny,208
1,2004,0-19,6635,0,Presinge,209
2,1989,0-19,6601,0,Aire-la-Ville,209
2,2001,0-19,6624,0,Gy,209
2,2007,65+,6604,8,Avusy,209
2,2013,65+,6635,1,Presinge,209
1,2013,65+,6625,5,Hermance,210
2,1995,65+,6625,6,Hermance,210
2,2013,65+,6601,4,Aire-la-Ville,210
2,1998,65+,6625,6,Hermance,211
2,1998,65+,6635,3,Presinge,212
1,2013,65+,6611,1,Chancy,213
2,1995,65+,6635,2,Presinge,214
2,2001,65+,6639,8,Soral,214
2,2010,65+,6635,2,Presinge,214
2,2019,65+,6610,6,Céligny,214
2,1992,0-19,6627,0,Laconnex,215
2,2001,65+,6626,2,Jussy,215
2,2004,0-19,6610,0,Céligny,215
2,2004,0-19,6639,0,Soral,215
1,1992,65+,6619,3,Corsier,216
1,2010,0-19,6635,0,Presinge,216
1,2016,65+,6635,2,Presinge,216
2,1998,0-19,6635,0,Presinge,216
2,2010,0-19,6627,0,Laconnex,216
1,1998,0-19,6639,0,Soral,217
2,1989,65+,6619,5,Corsier,217
2,2010,65+,6609,4,Cartigny,217
1,2016,65+,6639,5,Soral,218
2,2016,0-19,6627,0,Laconnex,218
2,2016,65+,6610,2,Céligny,218
1,2001,0-19,6627,0,Laconnex,219
1,1995,65+,6619,5,Corsier,220
1,2007,65+,6604,3,Avusy,220
1,2016,65+,6627,6,Laconnex,221
2,2019,0-19,6635,0,Presinge,222
1,1998,65+,6636,5,Puplinge,223
1,2004,65+,6615,7,Collex-Bossy,223
1,2004,65+,6626,2,Jussy,225
1,2019,65+,6627,1,Laconnex,225
1,2016,65+,6609,6,Cartigny,226
2,1992,0-19,6635,0,Presinge,226
2,2019,0-19,6627,0,Laconnex,226
1,2019,0-19,6635,0,Presinge,227
2,1989,0-19,6627,0,Laconnex,227
2,1992,65+,6635,4,Presinge,227
2,2007,0-19,6610,0,Céligny,227
2,2013,0-19,6624,1,Gy,227
2,2013,65+,6611,2,Chancy,228
2,2019,65+,6627,2,Laconnex,228
1,1992,65+,6629,6,Meinier,229
1,2013,65+,6609,2,Cartigny,229
2,2016,65+,6627,3,Laconnex,229
2,1995,0-19,6610,0,Céligny,230
1,1989,20-64,6624,0,Gy,232
2,2004,0-19,6627,0,Laconnex,232
1,2010,0-19,6627,0,Laconnex,233
1,1992,0-19,6601,1,Aire-la-Ville,234
1,1995,65+,6632,5,Perly-Certoux,234
1,2016,0-19,6635,0,Presinge,234
2,2013,0-19,6635,0,Presinge,234
1,2010,65+,6614,10,Choulex,235
2,2007,0-19,6627,1,Laconnex,235
1,1989,65+,6622,7,Genthod,236
1,1995,0-19,6639,0,Soral,236
1,2007,0-19,6627,1,Laconnex,236
2,2016,65+,6601,1,Aire-la-Ville,236
1,2019,65+,6635,12,Presinge,238
2,1989,65+,6632,2,Perly-Certoux,238
2,2004,65+,6639,6,Soral,238
1,1989,0-19,6639,0,Soral,239
1,2019,65+,6609,5,Cartigny,239
2,1989,20-64,6624,1,Gy,239
2,2004,65+,6626,2,Jussy,239
2,2010,0-19,6635,0,Presinge,239
1,1989,0-19,6609,0,Cartigny,240
1,2004,0-19,6627,0,Laconnex,240
2,2007,65+,6639,3,Soral,240
1,2001,0-19,6639,0,Soral,241
1,2016,65+,6625,4,Hermance,241
2,1998,0-19,6610,0,Céligny,241
2,2001,65+,6606,0,Bellevue,241
2,2001,65+,6635,3,Presinge,241
2,2007,65+,6635,6,Presinge,241
1,2001,0-19,6635,0,Presinge,242
2,1992,0-19,6610,0,Céligny,242
2,2001,0-19,6610,0,Céligny,242
1,2013,0-19,6635,0,Presinge,244
2,1995,0-19,6625,0,Hermance,244
2,2004,65+,6635,1,Presinge,245
2,2016,65+,6635,3,Presinge,245
1,2016,65+,6611,7,Chancy,246
2,2007,65+,6615,4,Collex-Bossy,246
1,1998,65+,6619,4,Corsier,247
1,2004,0-19,6639,0,Soral,247
2,1989,0-19,6611,0,Chancy,247
2,1989,65+,6629,4,Meinier,247
2,1995,65+,6636,2,Puplinge,247
2,2001,65+,6625,4,Hermance,247
2,2004,65+,6603,2,Avully,247
2,1989,0-19,6625,0,Hermance,248
2,1998,0-19,6625,0,Hermance,248
1,1989,0-19,6614,0,Choulex,249
1,2001,65+,6606,5,Bellevue,249
2,2004,0-19,6635,0,Presinge,249
2,2004,65+,6625,11,Hermance,249
2,2013,65+,6609,2,Cartigny,249
1,1995,0-19,6601,0,Aire-la-Ville,250
1,1998,0-19,6609,0,Cartigny,250
2,1992,65+,6619,5,Corsier,250
1,2001,65+,6636,8,Puplinge,252
1,2019,65+,6601,6,Aire-la-Ville,254
2,1989,0-19,6609,0,Cartigny,254
2,2010,0-19,6610,0,Céligny,254
2,2016,65+,6609,4,Cartigny,254
2,1992,0-19,6625,0,Hermance,255
2,2007,0-19,6635,0,Presinge,255
1,1989,65+,6641,5,Troinex,256
1,1992,0-19,6639,1,Soral,256
1,1995,65+,6602,5,Anières,256
2,2001,0-19,6635,0,Presinge,256
2,2013,0-19,6639,0,Soral,256
1,2007,65+,6603,6,Avully,257
2,1989,0-19,6614,0,Choulex,257
1,2019,65+,6639,4,Soral,258
1,1992,65+,6602,3,Anières,259
1,2016,0-19,6639,0,Soral,259
2,1995,0-19,6635,0,Presinge,259
2,2007,0-19,6639,0,Soral,260
2,2010,65+,6639,2,Soral,261
1,1992,20-64,6624,1,Gy,262
1,2007,65+,6626,2,Jussy,262
1,1989,0-19,6625,0,Hermance,263
1,1995,65+,6629,2,Meinier,263
1,2001,65+,6619,5,Corsier,263
1,2007,0-19,6639,0,Soral,263
2,2007,65+,6625,0,Hermance,263
2,2016,65+,6611,6,Chancy,263
2,2010,0-19,6639,0,Soral,264
1,1998,65+,6629,6,Meinier,265
1,2007,65+,6615,6,Collex-Bossy,265
2,1992,20-64,6624,0,Gy,265
2,2013,65+,6639,2,Soral,265
1,1992,65+,6622,4,Genthod,266
1,2013,0-19,6610,0,Céligny,266
2,2010,65+,6625,5,Hermance,266
2,2016,0-19,6639,0,Soral,267
1,1992,0-19,6609,0,Cartigny,268
1,2010,0-19,6610,0,Céligny,268
2,1995,65+,6619,6,Corsier,268
1,2007,0-19,6610,0,Céligny,269
2,2013,0-19,6610,0,Céligny,271
2,2019,65+,6601,1,Aire-la-Ville,272
2,1992,65+,6629,7,Meinier,274
2,2019,65+,6635,4,Presinge,274
1,2010,65+,6604,8,Avusy,276
1,2019,65+,6611,4,Chancy,277
2,1992,0-19,6611,1,Chancy,277
2,2010,65+,6604,2,Avusy,277
2,2019,65+,6609,7,Cartigny,277
1,1992,0-19,6610,0,Céligny,278
1,1992,65+,6641,6,Troinex,278
2,2007,65+,6603,4,Avully,278
2,2007,65+,6626,3,Jussy,278
1,1995,0-19,6609,0,Cartigny,279
1,2010,0-19,6639,0,Soral,279
1,2001,65+,6629,6,Meinier,280
1,2013,65+,6614,5,Choulex,280
2,1992,0-19,6601,0,Aire-la-Ville,281
2,1998,0-19,6609,0,Cartigny,281
2,1992,65+,6632,4,Perly-Certoux,282
2,1992,0-19,6609,0,Cartigny,283
1,1992,65+,6638,4,Satigny,285
2,1992,65+,6614,5,Choulex,285
2,2019,0-19,6610,0,Céligny,285
1,2013,0-19,6639,0,Soral,286
2,1995,0-19,6611,0,Chancy,286
2,2001,0-19,6601,0,Aire-la-Ville,286
1,2004,0-19,6610,0,Céligny,287
1,2010,65+,6626,11,Jussy,287
2,2004,65+,6606,7,Bellevue,287
1,2004,65+,6636,10,Puplinge,288
1,2010,65+,6615,5,Collex-Bossy,288
1,1989,0-19,6610,0,Céligny,289
1,1995,0-19,6610,0,Céligny,289
1,1995,20-64,6624,2,Gy,289
1,2019,65+,6625,6,Hermance,290
2,2016,65+,6639,3,Soral,291
2,2016,0-19,6610,0,Céligny,292
1,2001,0-19,6610,0,Céligny,293
2,1989,0-19,6610,0,Céligny,293
2,2010,65+,6615,0,Collex-Bossy,293
1,1995,65+,6622,2,Genthod,294
1,1998,20-64,6624,0,Gy,294
1,1995,65+,6638,9,Satigny,295
2,1998,65+,6619,8,Corsier,295
1,1998,0-19,6610,0,Céligny,296
1,2004,65+,6606,9,Bellevue,296
2,1995,0-19,6609,0,Cartigny,296
2,2001,0-19,6625,0,Hermance,296
2,2019,65+,6611,5,Chancy,297
1,1989,0-19,6611,0,Chancy,298
1,1998,65+,6622,9,Genthod,298
1,2004,65+,6629,15,Meinier,299
2,1989,65+,6614,3,Choulex,300
1,1989,65+,6638,4,Satigny,302
1,2001,0-19,6609,0,Cartigny,302
2,1995,0-19,6601,0,Aire-la-Ville,303
2,1998,65+,6636,6,Puplinge,303
1,1998,65+,6632,7,Perly-Certoux,305
2,2013,0-19,6609,0,Cartigny,305
2,2013,65+,6625,3,Hermance,305
2,2016,0-19,6609,0,Cartigny,305
1,2004,65+,6619,4,Corsier,306
2,1989,65+,6641,5,Troinex,306
2,1995,65+,6632,4,Perly-Certoux,307
2,2007,0-19,6609,0,Cartigny,307
2,2001,0-19,6609,0,Cartigny,308
1,1992,0-19,6625,0,Hermance,309
1,2001,0-19,6601,0,Aire-la-Ville,309
2,1992,65+,6638,2,Satigny,309
2,1995,65+,6614,2,Choulex,310
2,1998,0-19,6601,0,Aire-la-Ville,310
1,1998,65+,6602,7,Anières,312
1,2010,65+,6603,6,Avully,312
2,1992,0-19,6614,0,Choulex,312
2,1995,20-64,6624,1,Gy,312
2,2001,65+,6614,3,Choulex,312
1,1995,65+,6641,2,Troinex,313
1,2013,65+,6604,5,Avusy,313
2,2004,0-19,6609,0,Cartigny,314
1,1998,0-19,6601,0,Aire-la-Ville,316
2,1989,65+,6638,4,Satigny,316
2,1998,65+,6614,8,Choulex,316
1,1992,0-19,6614,0,Choulex,318
1,2013,65+,6626,10,Jussy,318
2,2004,65+,6614,5,Choulex,318
2,2013,65+,6614,7,Choulex,318
2,1998,20-64,6624,2,Gy,319
2,2001,20-64,6624,6,Gy,319
1,2019,0-19,6639,0,Soral,320
1,2001,20-64,6624,1,Gy,321
1,2007,0-19,6609,0,Cartigny,321
1,2013,0-19,6609,0,Cartigny,321
1,2013,65+,6615,8,Collex-Bossy,321
2,2001,65+,6636,6,Puplinge,321
1,2016,0-19,6610,0,Céligny,322
1,2016,65+,6614,10,Choulex,322
2,1992,65+,6641,3,Troinex,322
2,2001,65+,6619,4,Corsier,323
2,1995,65+,6629,3,Meinier,324
2,2010,65+,6614,3,Choulex,324
2,2013,65+,6604,4,Avusy,324
2,2007,65+,6614,9,Choulex,325
1,2004,0-19,6609,0,Cartigny,326
2,2004,0-19,6601,0,Aire-la-Ville,327
1,1989,65+,6618,8,Confignon,329
2,2010,0-19,6609,0,Cartigny,329
1,2004,20-64,6624,1,Gy,330
1,2016,65+,6604,5,Avusy,330
2,1989,65+,6602,5,Anières,334
2,2004,20-64,6624,2,Gy,334
2,2019,65+,6639,4,Soral,334
2,2004,65+,6619,6,Corsier,335
2,2010,65+,6603,2,Avully,335
1,2010,0-19,6609,0,Cartigny,336
2,2007,0-19,6625,0,Hermance,339
1,2001,65+,6602,10,Anières,340
2,2004,0-19,6625,0,Hermance,340
1,1998,65+,6641,6,Troinex,341
1,2013,65+,6603,10,Avully,342
1,1989,65+,6642,5,Vandoeuvres,343
1,2019,65+,6626,11,Jussy,343
2,1998,65+,6632,3,Perly-Certoux,343
1,2016,65+,6615,4,Collex-Bossy,344
1,2019,65+,6614,10,Choulex,346
2,2004,20-64,6637,0,Russin,346
2,1998,0-19,6611,0,Chancy,347
2,2019,0-19,6639,0,Soral,347
1,2016,65+,6603,5,Avully,348
1,2007,20-64,6624,1,Gy,349
2,2016,65+,6604,6,Avusy,349
2,2016,65+,6614,5,Choulex,349
2,2019,0-19,6609,0,Cartigny,349
1,1995,0-19,6625,0,Hermance,350
1,2019,65+,6604,3,Avusy,350
2,2016,65+,6625,7,Hermance,351
1,2004,0-19,6601,0,Aire-la-Ville,352
2,2010,0-19,6625,0,Hermance,353
2,2010,65+,6626,6,Jussy,353
1,2001,65+,6641,14,Troinex,354
1,2001,65+,6632,5,Perly-Certoux,355
1,2019,65+,6603,7,Avully,355
1,2019,65+,6615,7,Collex-Bossy,355
2,2013,65+,6615,3,Collex-Bossy,355
2,1989,0-19,6626,0,Jussy,356
2,1998,65+,6629,5,Meinier,356
2,2001,20-64,6637,1,Russin,356
1,2001,65+,6622,14,Genthod,357
1,1992,0-19,6611,0,Chancy,358
1,2004,0-19,6614,0,Choulex,358
2,1989,0-19,6615,0,Collex-Bossy,358
2,1995,65+,6641,7,Troinex,358
2,2007,0-19,6614,0,Choulex,359
2,1995,20-64,6637,0,Russin,362
2,2007,20-64,6637,0,Russin,362
2,2019,65+,6604,6,Avusy,362
1,2019,0-19,6610,0,Céligny,363
1,2016,0-19,6609,0,Cartigny,364
1,2001,20-64,6637,2,Russin,365
1,2007,65+,6629,9,Meinier,365
2,2010,0-19,6614,0,Choulex,365
1,1995,0-19,6611,0,Chancy,366
1,2016,65+,6626,10,Jussy,367
2,2004,65+,6636,6,Puplinge,367
1,1992,65+,6642,7,Vandoeuvres,368
1,2007,65+,6619,7,Corsier,368
2,1989,20-64,6637,3,Russin,368
2,2001,0-19,6611,0,Chancy,368
2,2007,20-64,6624,0,Gy,368
1,2004,20-64,6637,2,Russin,369
1,2007,65+,6606,9,Bellevue,370
2,2001,0-19,6614,0,Choulex,370
1,1995,0-19,6614,0,Choulex,371
1,1995,20-64,6637,1,Russin,371
2,2001,65+,6629,6,Meinier,371
2,2019,65+,6625,9,Hermance,372
1,1998,0-19,6614,0,Choulex,375
2,1995,65+,6638,7,Satigny,375
2,1998,20-64,6637,1,Russin,375
2,2019,0-19,6614,0,Choulex,375
2,1995,0-19,6614,0,Choulex,376
1,2007,65+,6636,11,Puplinge,377
1,1992,65+,6618,4,Confignon,379
1,1998,0-19,6625,0,Hermance,379
2,2007,65+,6606,6,Bellevue,379
1,1998,20-64,6637,1,Russin,380
1,2001,0-19,6614,0,Choulex,382
2,1992,20-64,6637,0,Russin,382
2,2016,0-19,6625,0,Hermance,382
2,1998,0-19,6614,0,Choulex,383
2,2001,65+,6632,2,Perly-Certoux,383
2,2004,0-19,6614,0,Choulex,383
1,2004,65+,6641,12,Troinex,384
1,1998,65+,6638,9,Satigny,385
1,2016,0-19,6614,0,Choulex,385
2,2007,65+,6619,5,Corsier,385
2,2016,65+,6615,3,Collex-Bossy,385
1,1989,20-64,6635,2,Presinge,386
1,2001,0-19,6611,0,Chancy,386
1,1998,0-19,6611,0,Chancy,387
1,2007,0-19,6625,0,Hermance,387
1,2013,0-19,6625,0,Hermance,389
2,1992,0-19,6626,0,Jussy,389
2,2013,65+,6626,5,Jussy,389
1,2001,0-19,6625,0,Hermance,390
2,2013,0-19,6625,0,Hermance,390
1,1989,20-64,6637,0,Russin,391
1,2010,0-19,6614,0,Choulex,391
2,2016,0-19,6614,0,Choulex,391
1,2010,0-19,6625,0,Hermance,392
2,2013,0-19,6614,1,Choulex,392
1,2004,65+,6602,11,Anières,393
1,2007,20-64,6637,1,Russin,393
2,2019,0-19,6625,1,Hermance,393
1,2010,20-64,6624,7,Gy,396
1,2019,0-19,6609,0,Cartigny,396
2,2013,65+,6603,13,Avully,396
2,1989,65+,6618,4,Confignon,397
1,2013,0-19,6614,1,Choulex,398
1,1992,20-64,6637,0,Russin,399
1,2004,0-19,6611,0,Chancy,400
1,2007,0-19,6614,0,Choulex,401
1,2019,20-64,6624,5,Gy,403
2,2004,65+,6629,8,Meinier,403
2,2019,65+,6614,4,Choulex,404
2,1998,0-19,6604,0,Avusy,406
1,2007,65+,6641,7,Troinex,408
2,1992,0-19,6615,0,Collex-Bossy,408
1,1989,0-19,6604,0,Avusy,409
1,1992,20-64,6635,1,Presinge,411
2,1992,0-19,6604,0,Avusy,411
1,2016,20-64,6624,1,Gy,412
2,2016,65+,6626,9,Jussy,412
2,2004,0-19,6611,0,Chancy,414
2,2019,65+,6615,1,Collex-Bossy,415
1,2004,65+,6622,11,Genthod,417
2,2019,65+,6626,7,Jussy,418
1,2019,0-19,6614,0,Choulex,419
1,1989,0-19,6615,0,Collex-Bossy,421
2,1992,65+,6622,5,Genthod,421
2,1995,65+,6622,7,Genthod,421
2,2016,65+,6603,3,Avully,421
1,1995,65+,6642,14,Vandoeuvres,422
2,1992,65+,6602,9,Anières,422
1,2019,0-19,6626,0,Jussy,423
2,1989,0-19,6604,0,Avusy,423
2,2016,0-19,6626,0,Jussy,423
1,2016,0-19,6625,0,Hermance,424
2,1998,65+,6641,7,Troinex,424
1,2004,65+,6632,9,Perly-Certoux,425
2,2010,0-19,6626,0,Jussy,427
1,1995,65+,6618,7,Confignon,428
1,2019,0-19,6601,0,Aire-la-Ville,428
1,2004,0-19,6625,0,Hermance,430
2,2010,20-64,6637,1,Russin,430
2,2019,0-19,6626,0,Jussy,430
1,1992,0-19,6604,0,Avusy,431
2,1995,0-19,6604,0,Avusy,431
1,2019,0-19,6604,0,Avusy,432
2,2010,65+,6619,5,Corsier,432
2,1989,20-64,6635,4,Presinge,433
2,2019,20-64,6624,4,Gy,435
1,1998,20-64,6635,1,Presinge,436
2,2013,0-19,6601,0,Aire-la-Ville,438
1,2013,20-64,6624,1,Gy,440
2,2001,65+,6622,4,Genthod,440
1,1992,0-19,6615,0,Collex-Bossy,441
2,2019,0-19,6601,0,Aire-la-Ville,441
1,2016,0-19,6604,0,Avusy,442
2,1989,65+,6622,4,Genthod,443
1,2007,65+,6602,8,Anières,445
1,2010,65+,6636,15,Puplinge,445
1,2010,65+,6619,11,Corsier,446
2,1995,0-19,6626,0,Jussy,446
2,1998,65+,6622,8,Genthod,448
2,1989,20-64,6627,3,Laconnex,451
1,1995,20-64,6635,1,Presinge,452
2,2010,20-64,6624,3,Gy,453
2,2016,20-64,6624,1,Gy,454
1,2010,20-64,6637,3,Russin,455
1,1998,65+,6642,8,Vandoeuvres,458
1,2001,65+,6638,12,Satigny,458
1,2010,65+,6629,3,Meinier,458
2,2001,65+,6641,6,Troinex,458
1,1989,20-64,6627,1,Laconnex,459
1,2019,0-19,6625,0,Hermance,459
2,1992,65+,6642,7,Vandoeuvres,459
1,2016,0-19,6601,1,Aire-la-Ville,460
2,2013,20-64,6637,0,Russin,460
2,2004,65+,6632,9,Perly-Certoux,461
1,1989,65+,6634,13,Pregny-Chambésy,462
1,2010,65+,6602,13,Anières,463
2,1992,20-64,6635,2,Presinge,463
2,2019,65+,6603,11,Avully,465
2,2001,0-19,6604,0,Avusy,466
1,2013,0-19,6601,0,Aire-la-Ville,467
2,1995,0-19,6615,0,Collex-Bossy,467
2,1995,65+,6602,7,Anières,469
2,1998,0-19,6626,0,Jussy,469
1,2010,65+,6641,11,Troinex,470
2,2007,65+,6636,6,Puplinge,471
1,1995,0-19,6604,0,Avusy,472
1,1989,0-19,6641,0,Troinex,473
2,2007,65+,6629,6,Meinier,473
2,2010,0-19,6611,0,Chancy,474
2,2016,0-19,6601,0,Aire-la-Ville,474
1,1989,20-64,6601,1,Aire-la-Ville,475
1,2016,0-19,6626,1,Jussy,475
1,2007,0-19,6611,0,Chancy,479
2,2007,0-19,6611,0,Chancy,479
1,1992,65+,6634,9,Pregny-Chambésy,480
2,2010,0-19,6601,0,Aire-la-Ville,480
1,1989,0-19,6626,0,Jussy,481
2,2013,0-19,6626,0,Jussy,482
1,2013,0-19,6626,0,Jussy,484
2,1992,0-19,6641,0,Troinex,484
2,2004,65+,6622,3,Genthod,484
2,1989,0-19,6641,0,Troinex,485
2,2019,0-19,6604,0,Avusy,487
2,2013,20-64,6624,0,Gy,488
1,2001,20-64,6635,3,Presinge,489
1,2004,20-64,6635,0,Presinge,489
1,2010,0-19,6626,0,Jussy,490
2,1992,65+,6618,4,Confignon,490
1,2013,65+,6636,16,Puplinge,491
2,1998,20-64,6635,0,Presinge,491
1,1995,0-19,6615,0,Collex-Bossy,492
1,2010,65+,6606,5,Bellevue,492
1,2013,65+,6641,10,Troinex,492
2,2004,65+,6641,6,Troinex,492
2,2007,0-19,6601,0,Aire-la-Ville,492
1,2001,65+,6642,11,Vandoeuvres,493
2,1992,20-64,6627,1,Laconnex,494
1,1989,20-64,6639,0,Soral,495
1,1995,20-64,6627,2,Laconnex,495
1,2007,65+,6632,16,Perly-Certoux,495
2,1998,65+,6638,7,Satigny,495
2,2007,0-19,6626,0,Jussy,495
1,2007,65+,6622,9,Genthod,497
2,1998,65+,6602,8,Anières,498
1,1992,20-64,6627,1,Laconnex,500
1,1998,20-64,6627,0,Laconnex,500
1,2010,0-19,6601,0,Aire-la-Ville,500
1,2001,20-64,6627,0,Laconnex,501
2,1989,65+,6642,12,Vandoeuvres,501
1,2010,0-19,6611,0,Chancy,502
1,2016,65+,6641,21,Troinex,502
2,2013,65+,6619,6,Corsier,502
1,1992,0-19,6641,0,Troinex,504
1,2004,65+,6642,18,Vandoeuvres,504
2,2010,65+,6606,5,Bellevue,504
2,1989,20-64,6601,1,Aire-la-Ville,506
2,2004,0-19,6604,0,Avusy,507
1,2004,65+,6638,9,Satigny,508
2,1989,20-64,6639,1,Soral,509
1,2013,20-64,6637,0,Russin,510
2,2001,65+,6638,7,Satigny,510
2,2016,20-64,6637,3,Russin,510
2,1995,20-64,6627,2,Laconnex,511
2,2019,20-64,6637,4,Russin,512
1,2010,20-64,6627,2,Laconnex,513
2,2001,65+,6602,9,Anières,517
1,2013,65+,6602,12,Anières,518
1,1998,65+,6618,10,Confignon,519
1,2013,0-19,6604,0,Avusy,519
2,1995,20-64,6635,1,Presinge,522
2,2001,0-19,6626,0,Jussy,524
2,2004,0-19,6626,0,Jussy,525
1,2013,20-64,6627,3,Laconnex,526
2,2016,0-19,6604,0,Avusy,526
1,2013,65+,6619,7,Corsier,527
1,2013,65+,6629,9,Meinier,527
1,1995,65+,6634,10,Pregny-Chambésy,529
2,2001,20-64,6627,0,Laconnex,529
1,1992,20-64,6639,3,Soral,530
1,2007,0-19,6601,0,Aire-la-Ville,531
1,1998,0-19,6604,0,Avusy,532
1,2004,20-64,6627,4,Laconnex,533
1,2007,65+,6642,9,Vandoeuvres,533
2,2007,65+,6641,14,Troinex,533
1,1992,0-19,6626,0,Jussy,534
1,2010,20-64,6610,4,Céligny,534
2,2004,20-64,6635,0,Presinge,534
2,2007,65+,6622,8,Genthod,535
2,2010,20-64,6627,0,Laconnex,535
2,1998,0-19,6615,0,Collex-Bossy,537
2,2001,20-64,6635,1,Presinge,537
1,2016,65+,6636,14,Puplinge,541
2,2013,0-19,6603,1,Avully,541
1,2010,65+,6622,11,Genthod,544
1,1998,20-64,6610,0,Céligny,545
2,1998,20-64,6639,3,Soral,545
1,2019,20-64,6637,3,Russin,546
1,2019,65+,6629,12,Meinier,547
2,1998,20-64,6627,2,Laconnex,547
2,2013,0-19,6604,0,Avusy,547
1,2001,0-19,6604,0,Avusy,548
2,1995,65+,6642,11,Vandoeuvres,548
1,2016,20-64,6637,0,Russin,549
1,2013,20-64,6610,1,Céligny,551
2,1995,65+,6618,8,Confignon,552
1,1995,20-64,6639,4,Soral,554
1,2001,20-64,6610,1,Céligny,554
1,2016,65+,6629,18,Meinier,554
2,1992,20-64,6639,4,Soral,554
2,1995,20-64,6639,1,Soral,554
1,2010,0-19,6604,0,Avusy,555
2,2007,20-64,6639,1,Soral,555
2,2007,0-19,6604,0,Avusy,556
2,2010,65+,6629,12,Meinier,556
1,2016,20-64,6627,1,Laconnex,557
1,1998,20-64,6639,3,Soral,558
1,1989,0-19,6602,0,Anières,559
1,2004,0-19,6626,0,Jussy,559
1,2007,20-64,6610,4,Céligny,559
1,2010,65+,6642,9,Vandoeuvres,559
1,2019,65+,6641,16,Troinex,559
2,2004,20-64,6627,1,Laconnex,559
2,2004,20-64,6639,4,Soral,559
2,2004,65+,6602,6,Anières,559
1,1998,65+,6634,18,Pregny-Chambésy,562
1,2001,0-19,6626,0,Jussy,564
1,2016,65+,6602,9,Anières,564
1,2016,65+,6619,18,Corsier,564
1,2010,20-64,6635,1,Presinge,565
1,2013,20-64,6635,1,Presinge,567
2,2013,20-64,6627,1,Laconnex,567
2,2016,0-19,6603,0,Avully,568
2,2016,65+,6619,9,Corsier,568
2,2019,0-19,6615,0,Collex-Bossy,568
1,2007,0-19,6626,0,Jussy,569
1,1998,0-19,6615,0,Collex-Bossy,571
1,2007,20-64,6627,4,Laconnex,571
1,2013,65+,6606,18,Bellevue,571
2,1995,0-19,6619,0,Corsier,571
1,2019,20-64,6635,0,Presinge,572
2,2001,20-64,6639,3,Soral,572
2,2007,20-64,6627,0,Laconnex,572
1,2004,20-64,6610,4,Céligny,573
2,1989,0-19,6619,0,Corsier,573
2,1998,20-64,6610,3,Céligny,573
2,2010,20-64,6610,3,Céligny,575
2,2001,20-64,6610,2,Céligny,576
2,2019,0-19,6603,0,Avully,576
1,2001,20-64,6639,4,Soral,577
1,2010,65+,6632,18,Perly-Certoux,578
1,2019,65+,6636,14,Puplinge,578
2,2010,0-19,6603,0,Avully,580
2,1989,0-19,6629,1,Meinier,581
2,1992,0-19,6619,0,Corsier,581
1,2007,20-64,6635,2,Presinge,582
2,2007,20-64,6635,1,Presinge,584
2,2010,65+,6636,5,Puplinge,584
1,2016,20-64,6635,1,Presinge,585
1,2019,20-64,6627,1,Laconnex,585
1,1992,20-64,6601,0,Aire-la-Ville,586
1,2007,0-19,6604,0,Avusy,586
2,2007,65+,6632,7,Perly-Certoux,586
2,2010,65+,6602,11,Anières,586
1,1995,0-19,6641,0,Troinex,587
2,2001,0-19,6615,0,Collex-Bossy,587
2,2007,20-64,6610,0,Céligny,587
2,2013,65+,6602,12,Anières,587
2,1998,65+,6642,7,Vandoeuvres,588
2,2010,20-64,6639,4,Soral,588
2,2010,65+,6641,9,Troinex,589
1,1995,0-19,6626,0,Jussy,592
1,2004,0-19,6604,0,Avusy,592
1,2019,65+,6602,18,Anières,592
1,2019,65+,6619,17,Corsier,594
2,1992,0-19,6629,1,Meinier,594
2,2013,20-64,6610,0,Céligny,594
1,2001,65+,6618,10,Confignon,597
2,2010,0-19,6604,0,Avusy,597
1,2001,0-19,6615,0,Collex-Bossy,598
1,2007,65+,6638,22,Satigny,599
2,1995,0-19,6629,1,Meinier,599
2,2016,20-64,6627,5,Laconnex,601
1,2001,65+,6634,17,Pregny-Chambésy,603
1,1989,20-64,6610,0,Céligny,605
2,2010,20-64,6635,0,Presinge,605
2,1989,20-64,6609,0,Cartigny,607
2,2001,65+,6642,8,Vandoeuvres,609
2,2013,20-64,6635,0,Presinge,609
1,1998,0-19,6626,1,Jussy,612
2,2004,20-64,6610,1,Céligny,612
1,1989,20-64,6609,1,Cartigny,614
2,1995,20-64,6610,2,Céligny,615
1,1992,0-19,6602,0,Anières,616
1,2004,20-64,6639,2,Soral,616
2,2004,65+,6638,6,Satigny,616
2,2016,65+,6641,10,Troinex,616
1,2001,0-19,6629,0,Meinier,617
2,2001,0-19,6629,0,Meinier,617
2,2016,0-19,6615,1,Collex-Bossy,617
2,2016,20-64,6635,2,Presinge,617
1,2016,20-64,6610,5,Céligny,618
2,1995,0-19,6641,0,Troinex,618
2,1989,20-64,6625,4,Hermance,619
1,2013,65+,6642,21,Vandoeuvres,620
2,2013,65+,6606,7,Bellevue,621
1,1995,20-64,6610,1,Céligny,622
2,2019,65+,6619,16,Corsier,622
1,1992,20-64,6610,2,Céligny,623
2,2013,20-64,6639,3,Soral,623
2,2019,20-64,6635,2,Presinge,623
1,1995,20-64,6601,2,Aire-la-Ville,624
1,2007,20-64,6639,1,Soral,624
1,1995,0-19,6602,0,Anières,625
1,2013,65+,6622,14,Genthod,625
1,2019,0-19,6603,0,Avully,627
2,1989,20-64,6610,2,Céligny,627
1,1992,0-19,6619,0,Corsier,629
2,2013,0-19,6615,0,Collex-Bossy,629
2,2013,65+,6641,5,Troinex,629
1,2016,65+,6606,20,Bellevue,630
2,1998,65+,6618,7,Confignon,630
2,2007,65+,6602,6,Anières,631
1,1995,0-19,6629,0,Meinier,633
2,2019,20-64,6627,1,Laconnex,633
1,2016,0-19,6615,0,Collex-Bossy,634
1,1989,20-64,6625,1,Hermance,636
2,1992,20-64,6610,1,Céligny,636
1,2019,20-64,6610,2,Céligny,637
2,1998,0-19,6629,0,Meinier,637
2,2007,0-19,6603,0,Avully,637
2,2007,0-19,6629,0,Meinier,637
1,2004,0-19,6615,0,Collex-Bossy,638
1,2010,20-64,6639,2,Soral,638
2,2004,65+,6642,11,Vandoeuvres,640
2,2016,65+,6602,11,Anières,641
1,2004,65+,6634,10,Pregny-Chambésy,644
2,2013,65+,6629,14,Meinier,644
2,2013,0-19,6611,0,Chancy,645
1,2004,0-19,6629,0,Meinier,646
1,2013,20-64,6639,3,Soral,646
1,1989,20-64,6611,2,Chancy,647
1,1992,0-19,6629,0,Meinier,647
1,2007,0-19,6629,0,Meinier,647
2,2010,0-19,6629,1,Meinier,649
2,2010,65+,6622,16,Genthod,649
1,1998,0-19,6629,0,Meinier,651
2,1992,20-64,6601,4,Aire-la-Ville,651
1,2004,65+,6618,18,Confignon,652
1,1998,20-64,6601,6,Aire-la-Ville,653
1,2007,0-19,6615,0,Collex-Bossy,654
2,1992,0-19,6606,0,Bellevue,656
2,2019,65+,6641,9,Troinex,656
1,2019,0-19,6615,0,Collex-Bossy,657
2,1989,0-19,6606,1,Bellevue,657
1,2013,0-19,6615,2,Collex-Bossy,658
1,2013,0-19,6636,0,Puplinge,660
2,1989,20-64,6611,1,Chancy,661
2,1992,20-64,6609,1,Cartigny,661
1,2013,65+,6632,15,Perly-Certoux,663
2,2013,65+,6636,11,Puplinge,664
2,1989,0-19,6642,0,Vandoeuvres,665
1,2007,0-19,6619,0,Corsier,666
1,1989,65+,6633,12,Plan-les-Ouates,668
2,1992,0-19,6642,0,Vandoeuvres,668
2,2004,0-19,6629,0,Meinier,669
1,1995,0-19,6619,0,Corsier,670
2,1995,20-64,6601,2,Aire-la-Ville,671
2,2007,65+,6642,6,Vandoeuvres,671
1,2010,0-19,6615,0,Collex-Bossy,673
1,2016,0-19,6603,0,Avully,673
1,2004,0-19,6619,0,Corsier,674
1,1992,20-64,6609,0,Cartigny,675
2,2019,0-19,6629,0,Meinier,675
2,1992,20-64,6625,1,Hermance,676
1,1989,0-19,6629,0,Meinier,677
2,2001,20-64,6601,5,Aire-la-Ville,677
2,2019,65+,6602,11,Anières,678
2,1995,20-64,6625,5,Hermance,680
1,1995,20-64,6625,4,Hermance,681
1,2016,65+,6642,19,Vandoeuvres,681
1,1995,20-64,6609,1,Cartigny,683
1,2010,0-19,6636,0,Puplinge,684
2,2016,65+,6606,12,Bellevue,684
2,1998,20-64,6601,4,Aire-la-Ville,686
1,1998,20-64,6609,2,Cartigny,688
1,2019,65+,6642,18,Vandoeuvres,689
2,1989,0-19,6602,0,Anières,689
2,2013,0-19,6636,0,Puplinge,689
2,2016,0-19,6619,0,Corsier,690
1,2001,20-64,6601,2,Aire-la-Ville,691
2,2004,0-19,6603,0,Avully,691
1,1998,0-19,6619,0,Corsier,692
1,2019,65+,6606,10,Bellevue,694
2,2007,0-19,6615,0,Collex-Bossy,695
2,2013,0-19,6619,0,Corsier,697
2,1998,0-19,6619,0,Corsier,698
1,2007,65+,6634,18,Pregny-Chambésy,699
1,1989,0-19,6606,0,Bellevue,700
1,2001,0-19,6619,0,Corsier,700
1,2001,20-64,6625,2,Hermance,700
1,2016,0-19,6619,0,Corsier,700
2,2016,20-64,6639,1,Soral,701
2,1995,0-19,6602,0,Anières,702
2,1995,0-19,6606,1,Bellevue,702
2,1995,20-64,6609,1,Cartigny,702
1,2016,65+,6622,17,Genthod,703
2,2010,0-19,6615,0,Collex-Bossy,703
1,2007,20-64,6609,2,Cartigny,705
2,2010,0-19,6619,0,Corsier,706
2,2013,0-19,6629,0,Meinier,706
1,1992,20-64,6625,1,Hermance,707
2,2001,0-19,6603,1,Avully,707
2,1998,0-19,6603,0,Avully,708
2,2007,0-19,6619,1,Corsier,708
1,2010,65+,6638,18,Satigny,709
2,1998,20-64,6625,1,Hermance,709
1,1998,20-64,6625,1,Hermance,710
2,2004,0-19,6619,0,Corsier,710
2,2001,0-19,6619,0,Corsier,711
2,2016,65+,6636,13,Puplinge,711
1,1989,20-64,6614,1,Choulex,712
1,2010,0-19,6619,0,Corsier,712
2,1998,20-64,6609,2,Cartigny,712
2,2010,65+,6642,8,Vandoeuvres,712
2,2016,65+,6629,7,Meinier,713
2,2016,65+,6642,15,Vandoeuvres,715
2,2007,65+,6638,12,Satigny,716
2,2010,0-19,6636,0,Puplinge,717
1,2010,0-19,6629,0,Meinier,718
1,1989,0-19,6619,0,Corsier,720
2,1989,65+,6634,8,Pregny-Chambésy,720
2,1992,0-19,6602,0,Anières,720
1,2013,0-19,6603,0,Avully,721
1,2016,20-64,6639,1,Soral,721
1,2016,65+,6632,17,Perly-Certoux,724
1,2010,0-19,6603,0,Avully,725
2,2004,0-19,6615,0,Collex-Bossy,725
2,1998,0-19,6606,0,Bellevue,726
2,2016,0-19,6629,0,Meinier,726
2,1995,0-19,6642,0,Vandoeuvres,727
1,2004,20-64,6609,3,Cartigny,729
1,2013,0-19,6619,0,Corsier,729
2,2001,20-64,6625,2,Hermance,729
2,2013,65+,6642,9,Vandoeuvres,730
1,1992,20-64,6611,1,Chancy,731
2,2007,20-64,6609,4,Cartigny,731
1,2007,65+,6618,23,Confignon,732
2,2016,20-64,6610,3,Céligny,733
2,2019,65+,6629,19,Meinier,733
1,1998,0-19,6602,0,Anières,734
2,2013,20-64,6609,1,Cartigny,734
2,1992,65+,6634,15,Pregny-Chambésy,736
2,2001,65+,6618,9,Confignon,736
1,1992,0-19,6606,0,Bellevue,737
2,2004,20-64,6609,4,Cartigny,738
1,1989,65+,6617,22,Cologny,739
1,2004,20-64,6625,2,Hermance,740
2,2019,20-64,6610,1,Céligny,740
1,2001,20-64,6609,4,Cartigny,741
1,2007,0-19,6603,0,Avully,741
1,1992,0-19,6642,0,Vandoeuvres,743
1,2010,20-64,6609,3,Cartigny,743
2,2019,0-19,6611,0,Chancy,744
1,2013,0-19,6611,0,Chancy,746
2,2013,65+,6622,6,Genthod,747
1,1989,0-19,6642,1,Vandoeuvres,748
1,1992,20-64,6614,1,Choulex,748
2,1989,20-64,6626,1,Jussy,748
2,2016,0-19,6611,0,Chancy,748
2,2007,0-19,6636,0,Puplinge,751
1,2010,65+,6634,21,Pregny-Chambésy,752
1,1995,0-19,6642,0,Vandoeuvres,754
1,2019,0-19,6611,0,Chancy,756
1,2013,20-64,6609,2,Cartigny,759
2,2010,65+,6632,9,Perly-Certoux,759
1,2004,0-19,6603,0,Avully,760
2,2019,65+,6606,10,Bellevue,763
2,2004,20-64,6601,3,Aire-la-Ville,764
2,1995,0-19,6603,1,Avully,765
2,2004,0-19,6636,0,Puplinge,765
2,2019,65+,6636,12,Puplinge,765
1,1992,65+,6633,24,Plan-les-Ouates,766
1,1998,0-19,6641,1,Troinex,766
2,2001,20-64,6609,1,Cartigny,766
1,2019,65+,6622,22,Genthod,767
2,1989,20-64,6614,2,Choulex,767
1,2001,0-19,6603,0,Avully,769
1,2007,20-64,6625,6,Hermance,770
2,1995,65+,6634,10,Pregny-Chambésy,770
2,1998,0-19,6636,0,Puplinge,773
1,1998,0-19,6606,0,Bellevue,774
2,2010,20-64,6609,3,Cartigny,776
1,1995,20-64,6614,4,Choulex,777
1,2013,65+,6638,14,Satigny,778
2,2019,65+,6642,15,Vandoeuvres,778
2,1998,0-19,6641,0,Troinex,779
2,2016,65+,6622,11,Genthod,780
2,2019,0-19,6619,0,Corsier,780
1,2016,0-19,6611,0,Chancy,781
2,1992,20-64,6611,2,Chancy,781
1,1998,20-64,6614,3,Choulex,782
1,2016,0-19,6636,1,Puplinge,782
1,1995,0-19,6606,1,Bellevue,783
1,2013,0-19,6629,0,Meinier,784
2,2001,0-19,6636,1,Puplinge,784
2,2004,20-64,6625,3,Hermance,784
1,2019,65+,6632,23,Perly-Certoux,786
2,1992,20-64,6614,3,Choulex,786
1,1998,0-19,6603,0,Avully,787
1,2007,0-19,6636,0,Puplinge,787
2,1995,0-19,6622,0,Genthod,792
1,2004,20-64,6601,0,Aire-la-Ville,794
1,1989,20-64,6626,2,Jussy,795
1,1992,0-19,6603,0,Avully,796
1,1995,0-19,6603,2,Avully,797
1,2016,65+,6638,23,Satigny,798
1,2019,0-19,6629,1,Meinier,798
2,2007,20-64,6625,1,Hermance,800
1,2001,20-64,6614,0,Choulex,801
1,2013,65+,6634,24,Pregny-Chambésy,801
1,2019,0-19,6619,0,Corsier,802
2,1998,65+,6634,9,Pregny-Chambésy,803
2,2001,65+,6634,14,Pregny-Chambésy,803
1,1995,20-64,6611,1,Chancy,805
2,2004,65+,6618,14,Confignon,806
2,1992,0-19,6603,0,Avully,808
1,2019,20-64,6639,2,Soral,810
2,2016,0-19,6636,1,Puplinge,810
2,2016,0-19,6641,0,Troinex,812
1,2004,20-64,6614,4,Choulex,815
1,2007,20-64,6614,7,Choulex,817
1,2016,20-64,6609,7,Cartigny,824
2,1995,20-64,6614,3,Choulex,824
2,2016,20-64,6609,2,Cartigny,825
2,1998,0-19,6602,0,Anières,826
2,2010,20-64,6625,6,Hermance,826
1,2010,20-64,6625,3,Hermance,827
1,2016,0-19,6629,0,Meinier,827
2,1989,0-19,6638,0,Satigny,827
2,2019,65+,6622,15,Genthod,829
2,1998,20-64,6614,4,Choulex,831
2,2019,20-64,6639,4,Soral,831
2,2013,0-19,6641,0,Troinex,834
1,1989,0-19,6622,0,Genthod,837
1,2019,20-64,6609,0,Cartigny,837
1,1998,20-64,6611,1,Chancy,838
2,1989,0-19,6622,1,Genthod,840
2,1989,0-19,6634,0,Pregny-Chambésy,841
2,2013,20-64,6625,2,Hermance,842
2,2010,65+,6638,17,Satigny,843
1,2019,20-64,6625,2,Hermance,844
2,1998,0-19,6622,0,Genthod,845
2,1995,20-64,6611,1,Chancy,846
2,2010,0-19,6641,0,Troinex,847
1,2019,0-19,6636,0,Puplinge,850
2,2019,0-19,6602,0,Anières,851
2,1992,20-64,6626,3,Jussy,854
1,1995,65+,6633,23,Plan-les-Ouates,855
2,2001,20-64,6614,3,Choulex,855
1,1995,0-19,6622,1,Genthod,857
1,2010,20-64,6614,5,Choulex,857
2,2004,20-64,6614,1,Choulex,857
2,2016,0-19,6642,0,Vandoeuvres,858
2,2019,0-19,6641,0,Troinex,858
1,1992,65+,6617,15,Cologny,859
2,2004,65+,6634,4,Pregny-Chambésy,860
2,2016,20-64,6625,7,Hermance,860
1,1992,20-64,6626,2,Jussy,861
2,1992,0-19,6622,0,Genthod,862
2,1992,0-19,6638,0,Satigny,863
2,2007,0-19,6641,1,Troinex,863
2,2019,20-64,6609,3,Cartigny,865
1,2016,20-64,6625,3,Hermance,866
1,2019,65+,6638,22,Satigny,866
1,2013,20-64,6625,8,Hermance,867
1,1998,0-19,6622,0,Genthod,871
1,2001,20-64,6611,5,Chancy,876
2,2013,65+,6632,17,Perly-Certoux,878
2,1995,0-19,6638,1,Satigny,881
2,1989,0-19,6603,0,Avully,886
2,1992,0-19,6634,0,Pregny-Chambésy,886
2,1995,0-19,6632,0,Perly-Certoux,886
2,2013,0-19,6642,0,Vandoeuvres,887
1,1989,0-19,6638,1,Satigny,888
1,2004,0-19,6636,0,Puplinge,888
2,2007,0-19,6602,0,Anières,890
1,2001,0-19,6641,0,Troinex,891
1,1992,0-19,6638,0,Satigny,894
2,1998,0-19,6642,0,Vandoeuvres,895
1,1995,0-19,6638,0,Satigny,896
1,2019,0-19,6602,0,Anières,896
2,1998,20-64,6611,4,Chancy,896
1,1992,0-19,6622,0,Genthod,897
2,2007,20-64,6614,3,Choulex,899
1,1998,0-19,6636,0,Puplinge,901
1,1995,20-64,6626,4,Jussy,902
1,2016,65+,6634,23,Pregny-Chambésy,902
1,2013,20-64,6614,2,Choulex,904
2,2001,0-19,6641,0,Troinex,904
1,2001,0-19,6636,0,Puplinge,905
2,2001,20-64,6611,3,Chancy,909
1,1998,20-64,6626,4,Jussy,910
2,2001,0-19,6602,0,Anières,910
2,2004,20-64,6611,4,Chancy,912
2,2019,0-19,6636,0,Puplinge,914
2,1989,20-64,6604,2,Avusy,917
2,1992,0-19,6636,0,Puplinge,917
2,1995,0-19,6636,0,Puplinge,918
1,1998,0-19,6642,0,Vandoeuvres,923
1,2004,20-64,6611,4,Chancy,923
2,2004,0-19,6641,0,Troinex,924
1,1989,0-19,6603,0,Avully,927
1,2010,65+,6618,16,Confignon,927
2,1995,20-64,6626,3,Jussy,927
2,2010,0-19,6602,0,Anières,927
2,2013,0-19,6602,0,Anières,930
1,2016,0-19,6641,0,Troinex,932
1,2019,65+,6634,19,Pregny-Chambésy,932
2,2019,20-64,6625,6,Hermance,932
2,2007,65+,6634,17,Pregny-Chambésy,933
1,1989,65+,6613,30,Chêne-Bourg,934
1,1992,65+,6613,28,Chêne-Bourg,934
1,1998,65+,6633,24,Plan-les-Ouates,935
1,2004,0-19,6641,0,Troinex,935
1,2010,0-19,6641,0,Troinex,935
2,1998,20-64,6626,1,Jussy,936
2,2013,65+,6638,18,Satigny,936
2,2004,0-19,6602,0,Anières,937
2,2007,65+,6618,15,Confignon,937
2,2016,0-19,6602,0,Anières,938
1,1989,20-64,6604,0,Avusy,939
1,1995,0-19,6632,0,Perly-Certoux,939
1,2013,0-19,6641,0,Troinex,939
1,2007,0-19,6641,0,Troinex,941
1,1995,65+,6617,21,Cologny,945
2,1998,0-19,6638,1,Satigny,947
1,1989,20-64,6615,0,Collex-Bossy,949
2,2007,0-19,6632,0,Perly-Certoux,952
2,2016,65+,6638,13,Satigny,952
1,2016,20-64,6614,5,Choulex,955
1,2016,0-19,6642,0,Vandoeuvres,957
2,2019,0-19,6642,0,Vandoeuvres,958
2,2001,0-19,6622,0,Genthod,959
1,2001,0-19,6602,0,Anières,960
2,1992,0-19,6632,0,Perly-Certoux,960
2,1998,0-19,6632,0,Perly-Certoux,960
1,1998,0-19,6632,0,Perly-Certoux,963
2,1989,20-64,6615,2,Collex-Bossy,963
1,2001,0-19,6632,0,Perly-Certoux,964
2,2019,0-19,6622,0,Genthod,966
2,2016,65+,6632,12,Perly-Certoux,971
2,2001,0-19,6632,0,Perly-Certoux,972
2,1989,0-19,6632,0,Perly-Certoux,973
1,2019,20-64,6614,2,Choulex,976
2,2001,0-19,6638,0,Satigny,978
2,2010,65+,6634,19,Pregny-Chambésy,979
2,2016,0-19,6622,1,Genthod,979
2,2004,0-19,6632,0,Perly-Certoux,980
2,1989,0-19,6636,0,Puplinge,983
1,1989,65+,6644,22,Versoix,987
1,1995,65+,6613,32,Chêne-Bourg,987
1,2001,0-19,6622,0,Genthod,988
1,2019,0-19,6622,0,Genthod,988
1,2019,0-19,6641,0,Troinex,988
2,2010,20-64,6626,3,Jussy,988
1,1995,0-19,6636,0,Puplinge,989
1,2016,0-19,6602,0,Anières,989
2,1989,0-19,6618,1,Confignon,995
2,2010,0-19,6632,0,Perly-Certoux,995
2,2010,20-64,6614,6,Choulex,1005
2,1989,65+,6617,28,Cologny,1006
1,1992,0-19,6632,0,Perly-Certoux,1007
1,2016,0-19,6622,0,Genthod,1008
2,1995,0-19,6634,0,Pregny-Chambésy,1009
1,2013,0-19,6642,0,Vandoeuvres,1011
1,2001,20-64,6626,6,Jussy,1012
2,2019,20-64,6601,6,Aire-la-Ville,1013
2,2001,0-19,6606,0,Bellevue,1014
1,1992,20-64,6615,3,Collex-Bossy,1016
2,2007,20-64,6601,3,Aire-la-Ville,1016
2,2013,65+,6634,16,Pregny-Chambésy,1018
1,1998,65+,6617,23,Cologny,1019
2,2013,0-19,6622,1,Genthod,1020
1,2019,0-19,6642,0,Vandoeuvres,1021
1,2019,20-64,6626,4,Jussy,1021
2,1992,0-19,6618,0,Confignon,1023
2,2019,0-19,6632,0,Perly-Certoux,1023
1,2004,0-19,6602,0,Anières,1024
1,1989,65+,6607,46,Bernex,1025
1,1989,0-19,6634,0,Pregny-Chambésy,1026
2,1992,20-64,6615,2,Collex-Bossy,1027
2,2010,20-64,6601,2,Aire-la-Ville,1027
1,2001,0-19,6606,1,Bellevue,1028
1,1992,0-19,6636,0,Puplinge,1029
2,2010,0-19,6642,0,Vandoeuvres,1031
2,2019,65+,6638,12,Satigny,1033
1,2007,20-64,6601,2,Aire-la-Ville,1035
1,2007,20-64,6611,3,Chancy,1036
1,2004,0-19,6632,0,Perly-Certoux,1037
2,1995,0-19,6618,0,Confignon,1038
2,2013,0-19,6632,0,Perly-Certoux,1038
1,2001,65+,6633,31,Plan-les-Ouates,1039
1,2019,0-19,6632,0,Perly-Certoux,1039
2,2010,0-19,6622,0,Genthod,1041
1,1989,0-19,6636,0,Puplinge,1042
1,2013,0-19,6602,1,Anières,1044
2,2004,0-19,6638,0,Satigny,1044
1,2010,20-64,6611,2,Chancy,1045
2,2016,0-19,6632,0,Perly-Certoux,1045
2,2016,20-64,6601,4,Aire-la-Ville,1046
1,1992,0-19,6634,0,Pregny-Chambésy,1047
1,2019,20-64,6601,0,Aire-la-Ville,1047
2,2013,20-64,6614,1,Choulex,1048
1,2016,0-19,6632,0,Perly-Certoux,1049
2,1989,65+,6633,13,Plan-les-Ouates,1049
2,2004,20-64,6626,5,Jussy,1050
2,2019,20-64,6626,7,Jussy,1050
1,2004,20-64,6626,4,Jussy,1051
2,2001,20-64,6626,3,Jussy,1051
2,2019,65+,6632,13,Perly-Certoux,1051
1,1989,0-19,6618,0,Confignon,1053
1,1989,0-19,6632,0,Perly-Certoux,1053
1,2013,0-19,6632,0,Perly-Certoux,1053
2,2010,20-64,6611,3,Chancy,1054
2,2013,20-64,6601,5,Aire-la-Ville,1054
2,1995,20-64,6615,5,Collex-Bossy,1055
2,1998,0-19,6634,0,Pregny-Chambésy,1055
1,1992,65+,6607,23,Bernex,1056
2,2013,20-64,6626,6,Jussy,1056
2,2007,20-64,6611,6,Chancy,1057
2,2001,0-19,6642,0,Vandoeuvres,1058
1,1998,0-19,6638,0,Satigny,1059
1,2016,20-64,6626,6,Jussy,1059
1,2013,0-19,6622,0,Genthod,1060
1,2010,20-64,6626,3,Jussy,1061
1,2010,0-19,6632,1,Perly-Certoux,1062
1,1992,20-64,6604,0,Avusy,1063
1,2007,0-19,6602,0,Anières,1063
1,2013,65+,6618,26,Confignon,1063
1,2010,0-19,6602,0,Anières,1064
2,2007,20-64,6626,3,Jussy,1068
1,2013,20-64,6601,9,Aire-la-Ville,1070
1,1995,65+,6607,23,Bernex,1071
2,2016,20-64,6614,2,Choulex,1072
1,2016,20-64,6601,2,Aire-la-Ville,1074
2,2016,65+,6634,13,Pregny-Chambésy,1074
2,2019,20-64,6614,2,Choulex,1077
1,2010,20-64,6601,0,Aire-la-Ville,1079
2,1998,0-19,6618,0,Confignon,1083
1,2013,20-64,6626,6,Jussy,1084
1,2007,0-19,6632,0,Perly-Certoux,1089
1,1998,65+,6613,31,Chêne-Bourg,1092
1,2007,20-64,6626,2,Jussy,1094
1,1992,65+,6644,18,Versoix,1095
1,1998,20-64,6604,1,Avusy,1095
2,1992,65+,6633,15,Plan-les-Ouates,1097
2,2016,20-64,6626,8,Jussy,1098
1,1995,20-64,6604,3,Avusy,1099
1,1995,20-64,6615,3,Collex-Bossy,1099
2,1992,65+,6617,9,Cologny,1101
2,2004,0-19,6622,0,Genthod,1101
1,2001,0-19,6642,0,Vandoeuvres,1103
2,2010,65+,6618,15,Confignon,1106
2,1992,20-64,6604,2,Avusy,1109
2,2001,0-19,6634,1,Pregny-Chambésy,1109
1,1995,0-19,6634,1,Pregny-Chambésy,1112
2,2007,0-19,6642,0,Vandoeuvres,1112
1,1992,0-19,6618,0,Confignon,1114
1,2001,20-64,6604,3,Avusy,1115
1,2010,0-19,6642,1,Vandoeuvres,1121
1,2001,65+,6617,17,Cologny,1123
2,2007,0-19,6638,0,Satigny,1128
1,2007,0-19,6622,0,Genthod,1130
1,2010,0-19,6622,0,Genthod,1131
1,2016,65+,6618,21,Confignon,1133
1,2019,65+,6618,29,Confignon,1137
1,1998,20-64,6615,2,Collex-Bossy,1138
2,1995,65+,6633,14,Plan-les-Ouates,1143
1,2004,0-19,6622,0,Genthod,1146
2,2004,0-19,6642,0,Vandoeuvres,1148
1,1998,0-19,6634,0,Pregny-Chambésy,1149
1,2001,0-19,6638,1,Satigny,1150
2,2019,65+,6634,8,Pregny-Chambésy,1151
1,2004,0-19,6642,0,Vandoeuvres,1154
2,2007,0-19,6622,0,Genthod,1155
1,2004,20-64,6604,5,Avusy,1158
1,1995,0-19,6618,0,Confignon,1163
1,1998,65+,6607,31,Bernex,1166
1,2001,65+,6613,40,Chêne-Bourg,1166
2,2001,20-64,6604,3,Avusy,1170
2,1998,20-64,6615,8,Collex-Bossy,1172
1,2004,65+,6633,32,Plan-les-Ouates,1179
2,1998,20-64,6604,4,Avusy,1179
1,2007,0-19,6642,0,Vandoeuvres,1187
2,1995,20-64,6604,2,Avusy,1192
2,2004,0-19,6634,0,Pregny-Chambésy,1192
2,1998,65+,6633,13,Plan-les-Ouates,1200
2,2004,20-64,6604,4,Avusy,1200
1,1998,0-19,6618,0,Confignon,1202
2,1995,65+,6617,15,Cologny,1213
1,2004,0-19,6638,0,Satigny,1214
1,2007,20-64,6604,3,Avusy,1216
1,2001,0-19,6634,0,Pregny-Chambésy,1225
1,1995,65+,6644,26,Versoix,1237
2,2004,0-19,6606,0,Bellevue,1240
2,2001,20-64,6615,5,Collex-Bossy,1245
1,2004,65+,6617,24,Cologny,1247
1,2013,0-19,6634,0,Pregny-Chambésy,1248
1,2010,20-64,6604,5,Avusy,1253
2,2001,0-19,6618,1,Confignon,1254
2,2013,65+,6618,19,Confignon,1254
1,2001,20-64,6615,5,Collex-Bossy,1264
2,2007,20-64,6604,7,Avusy,1267
2,2013,0-19,6634,0,Pregny-Chambésy,1270
1,2019,20-64,6604,6,Avusy,1274
2,2010,0-19,6634,0,Pregny-Chambésy,1276
2,2016,0-19,6634,0,Pregny-Chambésy,1277
2,2019,20-64,6604,6,Avusy,1278
1,2004,65+,6613,34,Chêne-Bourg,1281
2,2019,0-19,6634,1,Pregny-Chambésy,1288
2,2013,0-19,6606,0,Bellevue,1294
2,2007,0-19,6634,0,Pregny-Chambésy,1296
1,2004,0-19,6606,0,Bellevue,1302
2,1998,65+,6617,13,Cologny,1307
2,2013,20-64,6604,3,Avusy,1307
2,2016,20-64,6604,5,Avusy,1307
1,2004,0-19,6634,1,Pregny-Chambésy,1308
2,2016,0-19,6606,0,Bellevue,1309
2,2010,0-19,6606,1,Bellevue,1311
1,2007,0-19,6638,0,Satigny,1312
2,2010,20-64,6604,3,Avusy,1313
1,2013,20-64,6604,5,Avusy,1317
1,2016,20-64,6604,3,Avusy,1321
2,2007,0-19,6606,0,Bellevue,1322
1,2010,0-19,6634,0,Pregny-Chambésy,1333
2,2013,20-64,6611,7,Chancy,1335
1,2007,65+,6617,21,Cologny,1336
2,2016,65+,6618,21,Confignon,1336
1,2013,20-64,6611,2,Chancy,1337
2,2001,65+,6633,15,Plan-les-Ouates,1337
1,2001,0-19,6618,0,Confignon,1339
1,2019,0-19,6634,0,Pregny-Chambésy,1345
1,1992,20-64,6641,2,Troinex,1346
1,2007,0-19,6606,0,Bellevue,1346
2,1992,20-64,6641,5,Troinex,1346
1,1989,20-64,6641,1,Troinex,1352
2,2004,0-19,6618,1,Confignon,1355
1,2001,65+,6607,29,Bernex,1356
2,2019,0-19,6606,0,Bellevue,1359
2,1989,20-64,6641,3,Troinex,1365
1,1989,20-64,6602,2,Anières,1369
2,2001,65+,6617,22,Cologny,1377
1,2007,65+,6613,45,Chêne-Bourg,1382
1,2016,0-19,6634,1,Pregny-Chambésy,1401
2,2019,65+,6618,20,Confignon,1401
1,1995,20-64,6641,8,Troinex,1405
1,1998,65+,6644,26,Versoix,1407
1,2010,0-19,6606,0,Bellevue,1412
2,2004,20-64,6615,10,Collex-Bossy,1412
2,2010,0-19,6638,0,Satigny,1412
1,2004,20-64,6615,7,Collex-Bossy,1413
1,2013,0-19,6606,0,Bellevue,1415
2,1989,0-19,6617,0,Cologny,1421
1,2007,0-19,6634,0,Pregny-Chambésy,1429
2,1989,20-64,6602,3,Anières,1430
1,1989,0-19,6617,0,Cologny,1439
1,2016,0-19,6606,0,Bellevue,1439
1,1992,20-64,6602,6,Anières,1451
1,1989,20-64,6629,5,Meinier,1453
1,2007,65+,6633,42,Plan-les-Ouates,1453
1,2007,20-64,6615,1,Collex-Bossy,1454
1,2019,0-19,6606,0,Bellevue,1457
1,2010,65+,6613,37,Chêne-Bourg,1458
2,2004,65+,6633,21,Plan-les-Ouates,1468
2,2016,20-64,6611,3,Chancy,1472
2,2019,20-64,6611,7,Chancy,1474
1,2010,65+,6617,33,Cologny,1481
1,2004,0-19,6618,0,Confignon,1482
1,2013,20-64,6615,1,Collex-Bossy,1482
1,1989,20-64,6619,7,Corsier,1487
2,1989,20-64,6619,4,Corsier,1489
1,1995,20-64,6602,4,Anières,1490
1,2016,20-64,6615,3,Collex-Bossy,1490
1,1992,20-64,6619,6,Corsier,1491
1,1989,65+,6640,34,Thônex,1495
2,2004,65+,6617,21,Cologny,1496
1,2016,20-64,6611,4,Chancy,1497
2,1995,20-64,6641,11,Troinex,1501
1,1995,20-64,6629,3,Meinier,1507
1,2013,65+,6613,38,Chêne-Bourg,1507
1,2019,20-64,6615,6,Collex-Bossy,1507
2,2007,20-64,6615,10,Collex-Bossy,1511
1,1998,20-64,6629,3,Meinier,1514
1,2007,20-64,6619,5,Corsier,1521
1,2010,20-64,6615,3,Collex-Bossy,1522
1,2001,20-64,6619,7,Corsier,1526
2,1992,20-64,6619,5,Corsier,1527
1,1995,20-64,6619,2,Corsier,1528
1,1989,20-64,6606,5,Bellevue,1530
1,1992,20-64,6629,2,Meinier,1536
1,1998,20-64,6619,9,Corsier,1539
1,2001,65+,6644,43,Versoix,1540
2,2010,20-64,6615,5,Collex-Bossy,1540
1,2019,20-64,6611,5,Chancy,1541
2,1989,20-64,6606,3,Bellevue,1541
1,2004,20-64,6619,9,Corsier,1543
2,2019,20-64,6615,10,Collex-Bossy,1545
1,2007,20-64,6629,3,Meinier,1546
2,1992,0-19,6617,0,Cologny,1549
2,2016,20-64,6615,4,Collex-Bossy,1552
1,2010,0-19,6638,0,Satigny,1554
2,1992,20-64,6602,3,Anières,1555
2,1992,65+,6613,22,Chêne-Bourg,1555
2,1995,20-64,6619,9,Corsier,1560
2,1989,65+,6644,22,Versoix,1565
2,2013,20-64,6615,9,Collex-Bossy,1568
1,2001,20-64,6629,7,Meinier,1578
2,1989,20-64,6629,3,Meinier,1579
2,2019,20-64,6603,9,Avully,1582
2,1989,65+,6613,12,Chêne-Bourg,1584
1,2010,20-64,6603,7,Avully,1585
1,2004,20-64,6629,7,Meinier,1587
1,2013,65+,6617,30,Cologny,1587
1,2019,20-64,6603,3,Avully,1588
2,2004,20-64,6619,4,Corsier,1590
1,1992,0-19,6617,0,Cologny,1595
1,2007,20-64,6603,6,Avully,1599
2,2010,0-19,6617,0,Cologny,1600
1,1989,65+,6612,41,Chêne-Bougeries,1601
2,2013,0-19,6638,0,Satigny,1602
1,2013,20-64,6603,9,Avully,1606
2,2001,20-64,6619,4,Corsier,1607
2,2019,0-19,6618,2,Confignon,1610
2,1998,20-64,6619,4,Corsier,1613
2,2007,20-64,6619,5,Corsier,1613
2,2007,65+,6617,32,Cologny,1617
1,2010,20-64,6619,6,Corsier,1621
2,1992,20-64,6629,7,Meinier,1622
1,1998,0-19,6617,0,Cologny,1624
2,1989,20-64,6603,6,Avully,1624
1,1998,20-64,6606,5,Bellevue,1625
1,2010,20-64,6629,6,Meinier,1625
1,2004,20-64,6603,4,Avully,1626
1,2016,20-64,6603,6,Avully,1627
1,1992,20-64,6606,3,Bellevue,1632
2,1995,65+,6607,17,Bernex,1633
1,1992,65+,6640,40,Thônex,1634
1,2016,65+,6617,31,Cologny,1634
1,1998,20-64,6602,3,Anières,1636
2,1995,20-64,6629,8,Meinier,1639
2,1998,65+,6607,23,Bernex,1639
2,2016,0-19,6638,0,Satigny,1639
2,2007,0-19,6618,0,Confignon,1640
2,1995,65+,6613,18,Chêne-Bourg,1641
1,2010,0-19,6617,1,Cologny,1642
2,1998,20-64,6629,12,Meinier,1643
1,1998,20-64,6603,8,Avully,1644
2,2019,0-19,6638,1,Satigny,1645
1,2016,65+,6613,37,Chêne-Bourg,1646
2,1995,20-64,6602,4,Anières,1650
1,2004,65+,6607,44,Bernex,1651
2,1992,20-64,6603,0,Avully,1652
2,1995,0-19,6617,0,Cologny,1654
2,2016,20-64,6603,5,Avully,1654
1,2013,0-19,6617,0,Cologny,1656
2,1992,20-64,6606,7,Bellevue,1656
1,2004,0-19,6617,0,Cologny,1657
1,2019,65+,6617,36,Cologny,1657
1,2001,20-64,6603,1,Avully,1658
1,2013,0-19,6638,0,Satigny,1658
1,1995,0-19,6617,1,Cologny,1659
1,1995,20-64,6606,5,Bellevue,1659
1,2010,65+,6633,45,Plan-les-Ouates,1661
1,1992,20-64,6642,4,Vandoeuvres,1666
1,2004,65+,6644,40,Versoix,1667
2,2007,0-19,6617,1,Cologny,1671
2,2010,20-64,6619,4,Corsier,1676
1,1995,20-64,6642,11,Vandoeuvres,1679
2,2001,20-64,6629,9,Meinier,1685
2,2007,65+,6633,35,Plan-les-Ouates,1685
1,1995,20-64,6603,3,Avully,1687
2,2013,0-19,6617,0,Cologny,1687
1,1989,20-64,6603,7,Avully,1689
2,2013,0-19,6618,0,Confignon,1694
1,2019,0-19,6618,1,Confignon,1695
1,2019,20-64,6629,6,Meinier,1703
1,1992,20-64,6603,3,Avully,1708
2,2004,0-19,6617,0,Cologny,1709
1,1998,20-64,6641,9,Troinex,1710
2,2004,20-64,6629,9,Meinier,1710
1,1989,20-64,6642,7,Vandoeuvres,1711
2,2010,0-19,6618,0,Confignon,1712
1,2019,65+,6613,44,Chêne-Bourg,1713
1,2007,0-19,6617,1,Cologny,1717
2,1998,20-64,6606,4,Bellevue,1723
2,1998,65+,6613,27,Chêne-Bourg,1723
1,2013,20-64,6629,7,Meinier,1727
2,2007,20-64,6629,5,Meinier,1727
2,1995,20-64,6603,1,Avully,1731
2,2013,20-64,6603,5,Avully,1733
1,2016,20-64,6629,3,Meinier,1734
2,1998,20-64,6603,7,Avully,1734
1,2013,20-64,6619,7,Corsier,1738
2,1992,65+,6607,21,Bernex,1738
2,1992,65+,6644,33,Versoix,1741
2,1998,0-19,6617,0,Cologny,1746
2,1989,65+,6607,24,Bernex,1747
1,1989,20-64,6622,4,Genthod,1748
2,2010,20-64,6603,8,Avully,1750
1,2010,20-64,6636,11,Puplinge,1751
2,1995,20-64,6606,7,Bellevue,1751
2,2010,65+,6617,26,Cologny,1752
2,2016,0-19,6618,1,Confignon,1755
1,2019,0-19,6638,0,Satigny,1757
2,1998,20-64,6641,7,Troinex,1761
2,2001,65+,6607,22,Bernex,1762
2,2001,20-64,6603,5,Avully,1763
1,1992,65+,6612,39,Chêne-Bougeries,1766
1,2013,20-64,6636,4,Puplinge,1771
2,1989,20-64,6642,4,Vandoeuvres,1772
2,1992,20-64,6642,7,Vandoeuvres,1772
1,2001,0-19,6617,0,Cologny,1773
2,2004,20-64,6603,4,Avully,1774
1,2016,0-19,6617,0,Cologny,1778
2,2001,0-19,6617,0,Cologny,1780
1,2007,20-64,6636,10,Puplinge,1782
1,2016,20-64,6619,3,Corsier,1784
2,2007,20-64,6603,5,Avully,1787
1,2004,20-64,6641,10,Troinex,1799
2,1998,20-64,6602,6,Anières,1799
2,1995,20-64,6642,7,Vandoeuvres,1802
1,2013,65+,6633,39,Plan-les-Ouates,1803
2,2010,20-64,6629,7,Meinier,1804
1,2016,0-19,6638,1,Satigny,1805
1,2013,0-19,6618,0,Confignon,1811
1,2001,20-64,6641,6,Troinex,1821
1,2007,0-19,6618,1,Confignon,1823
2,2016,0-19,6617,0,Cologny,1823
1,2007,20-64,6641,4,Troinex,1826
1,2016,0-19,6618,0,Confignon,1834
2,1989,20-64,6622,6,Genthod,1834
1,1998,20-64,6642,8,Vandoeuvres,1835
2,2013,20-64,6619,5,Corsier,1843
2,1995,65+,6644,24,Versoix,1851
2,2001,65+,6613,29,Chêne-Bourg,1863
1,1992,20-64,6636,5,Puplinge,1877
1,2010,20-64,6641,6,Troinex,1879
1,1995,65+,6612,57,Chêne-Bougeries,1882
1,1998,20-64,6636,7,Puplinge,1887
1,2010,0-19,6618,0,Confignon,1888
1,1992,20-64,6622,3,Genthod,1889
2,2013,65+,6617,31,Cologny,1890
2,2019,20-64,6629,13,Meinier,1890
2,2001,20-64,6641,4,Troinex,1895
1,1995,20-64,6622,4,Genthod,1897
2,2016,20-64,6629,7,Meinier,1899
2,2013,20-64,6629,13,Meinier,1900
1,2004,20-64,6636,5,Puplinge,1908
2,1989,0-19,6633,0,Plan-les-Ouates,1908
1,1995,65+,6640,50,Thônex,1920
2,2016,20-64,6619,9,Corsier,1923
1,1989,20-64,6636,9,Puplinge,1926
1,2019,0-19,6617,1,Cologny,1927
2,2004,20-64,6641,5,Troinex,1927
2,1998,20-64,6642,9,Vandoeuvres,1930
1,1995,20-64,6636,1,Puplinge,1934
2,2010,20-64,6636,3,Puplinge,1940
2,2004,65+,6613,27,Chêne-Bourg,1943
2,2007,20-64,6641,9,Troinex,1943
1,2016,65+,6633,50,Plan-les-Ouates,1944
1,2007,65+,6644,45,Versoix,1948
2,2013,20-64,6636,3,Puplinge,1950
2,1992,0-19,6633,0,Plan-les-Ouates,1959
1,2001,20-64,6636,9,Puplinge,1960
1,2007,65+,6607,45,Bernex,1960
2,2010,20-64,6641,13,Troinex,1961
2,2004,65+,6607,23,Bernex,1964
2,1995,20-64,6622,7,Genthod,1966
2,2016,65+,6617,35,Cologny,1968
1,2019,20-64,6619,6,Corsier,1970
1,1989,65+,6631,54,Onex,1976
1,1989,0-19,6633,1,Plan-les-Ouates,1985
2,2019,0-19,6617,0,Cologny,1985
2,1998,65+,6644,34,Versoix,1986
1,2001,20-64,6602,8,Anières,1991
1,2001,20-64,6642,6,Vandoeuvres,1992
2,2010,65+,6633,24,Plan-les-Ouates,2004
1,1998,20-64,6622,5,Genthod,2005
2,1992,20-64,6636,3,Puplinge,2018
2,1998,20-64,6622,2,Genthod,2023
2,2013,20-64,6641,10,Troinex,2034
2,2019,65+,6617,20,Cologny,2036
1,2013,20-64,6641,5,Troinex,2042
2,2001,20-64,6602,7,Anières,2043
2,1992,20-64,6622,6,Genthod,2044
1,2004,20-64,6602,9,Anières,2051
2,2007,20-64,6636,10,Puplinge,2056
1,1992,0-19,6633,1,Plan-les-Ouates,2063
1,1998,65+,6612,56,Chêne-Bougeries,2063
1,2001,20-64,6622,9,Genthod,2066
2,1989,20-64,6636,6,Puplinge,2069
2,2019,20-64,6619,4,Corsier,2069
2,1992,0-19,6613,0,Chêne-Bourg,2072
2,1995,20-64,6636,4,Puplinge,2084
2,1998,20-64,6636,7,Puplinge,2088
2,1989,0-19,6613,0,Chêne-Bourg,2093
2,2007,65+,6613,24,Chêne-Bourg,2094
2,1995,0-19,6613,0,Chêne-Bourg,2096
1,2019,20-64,6636,9,Puplinge,2097
1,2001,20-64,6606,1,Bellevue,2098
1,2004,20-64,6642,7,Vandoeuvres,2111
1,2016,20-64,6642,4,Vandoeuvres,2118
2,1989,20-64,6638,4,Satigny,2121
1,1989,65+,6608,58,Carouge,2130
2,1995,0-19,6633,0,Plan-les-Ouates,2130
1,2019,65+,6633,50,Plan-les-Ouates,2131
1,2016,20-64,6636,4,Puplinge,2132
2,2001,20-64,6642,8,Vandoeuvres,2132
2,2001,20-64,6622,8,Genthod,2141
1,2013,20-64,6602,1,Anières,2146
1,1998,65+,6640,60,Thônex,2159
1,2016,20-64,6641,7,Troinex,2161
2,2001,20-64,6636,10,Puplinge,2167
2,2004,20-64,6602,10,Anières,2167
1,2019,20-64,6602,10,Anières,2168
2,2004,20-64,6636,10,Puplinge,2169
1,2010,20-64,6602,3,Anières,2172
1,2013,20-64,6642,6,Vandoeuvres,2174
2,2019,20-64,6602,11,Anières,2174
2,2007,20-64,6602,5,Anières,2176
2,2016,20-64,6641,6,Troinex,2178
1,2016,20-64,6602,7,Anières,2180
2,2001,65+,6644,32,Versoix,2182
1,2007,20-64,6642,14,Vandoeuvres,2191
2,1989,65+,6640,28,Thônex,2192
2,2007,65+,6607,44,Bernex,2202
1,2010,65+,6607,53,Bernex,2211
1,2010,20-64,6642,10,Vandoeuvres,2222
2,2013,65+,6633,37,Plan-les-Ouates,2225
2,2010,65+,6613,34,Chêne-Bourg,2227
1,1992,65+,6631,78,Onex,2228
2,2001,20-64,6606,7,Bellevue,2233
2,2004,20-64,6642,9,Vandoeuvres,2235
1,2001,65+,6612,52,Chêne-Bougeries,2249
1,2007,20-64,6602,4,Anières,2256
2,2016,20-64,6602,6,Anières,2264
1,2019,20-64,6641,10,Troinex,2265
1,1989,0-19,6613,0,Chêne-Bourg,2266
2,2007,20-64,6642,4,Vandoeuvres,2278
2,2010,20-64,6642,8,Vandoeuvres,2278
2,2016,20-64,6636,8,Puplinge,2278
2,2019,20-64,6636,11,Puplinge,2279
1,2004,20-64,6622,9,Genthod,2280
1,1989,20-64,6638,7,Satigny,2286
2,2013,65+,6613,31,Chêne-Bourg,2291
2,2016,20-64,6642,8,Vandoeuvres,2291
1,2010,65+,6644,52,Versoix,2292
2,1998,0-19,6613,0,Chêne-Bourg,2295
2,2013,20-64,6642,10,Vandoeuvres,2305
1,1992,0-19,6613,1,Chêne-Bourg,2308
2,1992,20-64,6638,7,Satigny,2320
1,2013,20-64,6622,4,Genthod,2327
1,1992,65+,6608,81,Carouge,2336
2,2019,20-64,6641,8,Troinex,2336
2,2004,65+,6644,30,Versoix,2349
2,2013,20-64,6602,10,Anières,2349
1,2010,20-64,6622,3,Genthod,2360
2,2010,20-64,6602,9,Anières,2362
1,2016,20-64,6622,9,Genthod,2366
1,2007,20-64,6622,11,Genthod,2367
1,2019,20-64,6642,6,Vandoeuvres,2378
1,1995,0-19,6633,1,Plan-les-Ouates,2383
2,2004,20-64,6622,10,Genthod,2386
2,1995,20-64,6638,8,Satigny,2387
1,1989,20-64,6634,6,Pregny-Chambésy,2392
1,1995,0-19,6613,0,Chêne-Bourg,2394
2,1998,0-19,6633,0,Plan-les-Ouates,2431
1,2001,65+,6640,65,Thônex,2441
2,1992,65+,6640,45,Thônex,2444
1,2013,65+,6607,61,Bernex,2451
2,2016,65+,6613,25,Chêne-Bourg,2453
1,2019,20-64,6622,6,Genthod,2464
1,2004,65+,6612,67,Chêne-Bougeries,2472
2,1989,20-64,6618,7,Confignon,2476
1,1995,65+,6608,87,Carouge,2479
1,1992,20-64,6618,8,Confignon,2480
1,1989,20-64,6618,7,Confignon,2483
1,1992,20-64,6634,5,Pregny-Chambésy,2488
2,2016,65+,6633,28,Plan-les-Ouates,2493
2,1989,20-64,6634,3,Pregny-Chambésy,2494
2,2019,20-64,6642,8,Vandoeuvres,2497
1,1992,20-64,6638,5,Satigny,2506
1,2013,65+,6644,70,Versoix,2506
2,2013,20-64,6622,9,Genthod,2510
2,1998,20-64,6638,8,Satigny,2512
1,2004,20-64,6606,8,Bellevue,2513
2,2007,20-64,6622,12,Genthod,2519
2,2010,20-64,6622,7,Genthod,2523
1,1995,65+,6631,74,Onex,2536
2,2016,20-64,6622,7,Genthod,2541
2,2019,65+,6613,39,Chêne-Bourg,2543
1,2004,65+,6640,91,Thônex,2545
2,2007,65+,6644,30,Versoix,2557
2,2004,0-19,6613,0,Chêne-Bourg,2571
1,1989,20-64,6632,6,Perly-Certoux,2575
1,2016,20-64,6632,12,Perly-Certoux,2576
1,2016,65+,6607,77,Bernex,2576
2,1992,20-64,6618,15,Confignon,2588
2,2010,65+,6607,33,Bernex,2595
1,2019,20-64,6632,7,Perly-Certoux,2597
2,1989,20-64,6632,4,Perly-Certoux,2601
2,2007,0-19,6613,2,Chêne-Bourg,2601
2,2010,0-19,6613,1,Chêne-Bourg,2601
2,2019,20-64,6622,7,Genthod,2603
2,2001,0-19,6613,2,Chêne-Bourg,2605
1,2016,65+,6644,83,Versoix,2611
1,1995,20-64,6618,5,Confignon,2613
2,1992,20-64,6634,8,Pregny-Chambésy,2618
1,2007,20-64,6632,8,Perly-Certoux,2619
1,2004,20-64,6632,9,Perly-Certoux,2631
2,2001,20-64,6638,10,Satigny,2631
2,2013,0-19,6613,0,Chêne-Bourg,2639
1,1998,0-19,6613,1,Chêne-Bourg,2640
1,2019,65+,6607,60,Bernex,2642
1,1995,20-64,6634,5,Pregny-Chambésy,2646
1,2007,65+,6612,53,Chêne-Bougeries,2656
2,2019,65+,6633,43,Plan-les-Ouates,2657
1,1998,20-64,6618,9,Confignon,2663
1,1998,20-64,6638,7,Satigny,2664
1,1995,20-64,6632,6,Perly-Certoux,2679
1,1995,20-64,6638,10,Satigny,2679
1,1998,65+,6608,91,Carouge,2694
1,2010,20-64,6632,12,Perly-Certoux,2694
1,2001,20-64,6632,13,Perly-Certoux,2701
1,2013,20-64,6632,9,Perly-Certoux,2704
1,2019,65+,6644,67,Versoix,2704
2,2004,20-64,6638,11,Satigny,2710
1,2007,65+,6640,75,Thônex,2719
1,1992,20-64,6632,2,Perly-Certoux,2720
1,1998,0-19,6633,1,Plan-les-Ouates,2720
1,1998,20-64,6632,11,Perly-Certoux,2721
2,1995,65+,6640,33,Thônex,2721
1,2001,20-64,6638,8,Satigny,2731
1,2007,20-64,6606,5,Bellevue,2734
1,1998,20-64,6634,6,Pregny-Chambésy,2735
1,2013,0-19,6613,0,Chêne-Bourg,2738
2,1995,20-64,6618,13,Confignon,2739
2,1992,20-64,6632,5,Perly-Certoux,2745
2,2004,20-64,6606,12,Bellevue,2775
2,2010,20-64,6632,14,Perly-Certoux,2777
1,2010,0-19,6613,0,Chêne-Bourg,2793
2,1995,20-64,6632,9,Perly-Certoux,2800
2,1995,20-64,6634,8,Pregny-Chambésy,2800
2,1998,20-64,6618,10,Confignon,2802
2,2007,20-64,6632,10,Perly-Certoux,2805
2,2007,20-64,6638,8,Satigny,2805
2,2016,0-19,6613,0,Chêne-Bourg,2807
1,2010,20-64,6606,4,Bellevue,2819
2,2004,20-64,6632,8,Perly-Certoux,2826
2,2016,20-64,6632,14,Perly-Certoux,2827
2,2013,20-64,6632,19,Perly-Certoux,2855
1,1998,65+,6631,70,Onex,2859
1,2001,0-19,6613,1,Chêne-Bourg,2860
1,2013,20-64,6606,7,Bellevue,2862
2,2019,0-19,6613,0,Chêne-Bourg,2866
2,2019,20-64,6632,16,Perly-Certoux,2871
1,2007,0-19,6613,1,Chêne-Bourg,2876
2,1998,20-64,6632,8,Perly-Certoux,2877
1,2001,65+,6608,71,Carouge,2890
1,2019,0-19,6613,0,Chêne-Bourg,2891
1,2016,20-64,6606,10,Bellevue,2894
1,2004,20-64,6638,7,Satigny,2895
2,1989,0-19,6612,0,Chêne-Bougeries,2898
2,1998,20-64,6634,10,Pregny-Chambésy,2899
2,2001,20-64,6632,15,Perly-Certoux,2901
1,2004,0-19,6613,0,Chêne-Bourg,2911
1,2016,0-19,6613,1,Chêne-Bourg,2915
1,2010,65+,6612,86,Chêne-Bougeries,2917
2,1998,65+,6640,43,Thônex,2919
1,2001,20-64,6618,7,Confignon,2931
1,1989,0-19,6612,0,Chêne-Bougeries,2954
1,2019,20-64,6606,7,Bellevue,2956
1,2001,20-64,6634,9,Pregny-Chambésy,2959
1,2010,65+,6640,74,Thônex,2964
2,2010,65+,6644,48,Versoix,2965
2,1992,0-19,6612,0,Chêne-Bougeries,2981
1,2004,65+,6608,84,Carouge,2990
2,2016,20-64,6606,8,Bellevue,2999
2,2013,65+,6607,33,Bernex,3000
2,2001,20-64,6618,10,Confignon,3030
2,2013,20-64,6606,10,Bellevue,3030
2,1995,0-19,6612,0,Chêne-Bougeries,3039
2,2007,20-64,6606,14,Bellevue,3045
1,1992,0-19,6612,0,Chêne-Bougeries,3052
1,2007,20-64,6638,10,Satigny,3052
2,2010,20-64,6606,10,Bellevue,3067
2,1989,65+,6612,53,Chêne-Bougeries,3071
1,2013,65+,6612,84,Chêne-Bougeries,3073
1,2004,20-64,6618,9,Confignon,3087
2,2019,20-64,6606,13,Bellevue,3092
2,2001,0-19,6633,0,Plan-les-Ouates,3103
2,2001,20-64,6634,17,Pregny-Chambésy,3104
2,1998,0-19,6612,0,Chêne-Bougeries,3105
1,1995,0-19,6612,1,Chêne-Bougeries,3122
2,1998,0-19,6607,0,Bernex,3144
2,1995,0-19,6607,0,Bernex,3150
1,2016,65+,6612,62,Chêne-Bougeries,3165
1,2013,20-64,6634,7,Pregny-Chambésy,3166
1,2019,65+,6612,65,Chêne-Bougeries,3172
2,2004,20-64,6618,19,Confignon,3173
2,2013,0-19,6607,0,Bernex,3175
2,1989,65+,6631,40,Onex,3176
1,2019,20-64,6634,3,Pregny-Chambésy,3185
2,2016,0-19,6607,0,Bernex,3203
1,2013,65+,6640,71,Thônex,3217
1,2007,65+,6608,104,Carouge,3219
2,2001,65+,6640,51,Thônex,3242
1,1989,65+,6628,112,Lancy,3243
1,2004,20-64,6634,6,Pregny-Chambésy,3244
2,2019,0-19,6607,0,Bernex,3246
1,2007,20-64,6634,8,Pregny-Chambésy,3258
2,2016,65+,6607,39,Bernex,3263
2,2001,0-19,6607,0,Bernex,3265
1,2010,20-64,6634,12,Pregny-Chambésy,3267
2,2001,0-19,6612,2,Chêne-Bougeries,3268
1,1998,0-19,6612,0,Chêne-Bougeries,3272
1,2001,65+,6631,106,Onex,3273
1,2016,65+,6640,98,Thônex,3282
2,1992,65+,6612,52,Chêne-Bougeries,3283
2,2013,20-64,6634,15,Pregny-Chambésy,3286
2,2010,20-64,6638,13,Satigny,3292
2,2004,20-64,6634,18,Pregny-Chambésy,3299
2,2019,20-64,6634,7,Pregny-Chambésy,3311
1,1995,0-19,6607,1,Bernex,3313
2,1992,0-19,6607,0,Bernex,3317
2,2010,0-19,6612,1,Chêne-Bougeries,3326
2,2007,20-64,6634,10,Pregny-Chambésy,3328
1,1998,0-19,6607,1,Bernex,3334
1,1989,65+,6643,62,Vernier,3335
1,2001,0-19,6612,1,Chêne-Bougeries,3344
2,2010,20-64,6634,12,Pregny-Chambésy,3358
2,2013,65+,6644,48,Versoix,3358
2,2007,0-19,6612,0,Chêne-Bougeries,3362
2,2004,0-19,6612,1,Chêne-Bougeries,3371
2,2004,0-19,6607,0,Bernex,3381
2,2010,0-19,6607,1,Bernex,3384
2,2019,65+,6607,44,Bernex,3385
2,1989,0-19,6640,0,Thônex,3391
2,1992,65+,6631,45,Onex,3399
1,2019,65+,6640,89,Thônex,3410
2,2016,20-64,6634,8,Pregny-Chambésy,3417
1,2001,0-19,6633,0,Plan-les-Ouates,3418
1,2013,0-19,6607,3,Bernex,3422
2,1989,0-19,6607,0,Bernex,3424
2,2007,0-19,6607,3,Bernex,3432
1,1989,0-19,6640,1,Thônex,3436
2,1995,65+,6612,53,Chêne-Bougeries,3444
1,1989,20-64,6617,16,Cologny,3446
1,2016,0-19,6607,0,Bernex,3452
1,1992,0-19,6607,1,Bernex,3453
1,2010,65+,6608,83,Carouge,3455
1,2007,20-64,6618,12,Confignon,3459
1,2001,0-19,6607,0,Bernex,3464
2,2013,0-19,6612,0,Chêne-Bougeries,3468
1,2010,20-64,6618,18,Confignon,3474
2,1989,0-19,6644,0,Versoix,3477
1,2019,0-19,6607,0,Bernex,3479
1,2016,20-64,6634,11,Pregny-Chambésy,3484
2,2004,65+,6640,46,Thônex,3498
2,2013,20-64,6638,16,Satigny,3499
1,2004,0-19,6612,2,Chêne-Bougeries,3502
1,2007,0-19,6612,0,Chêne-Bougeries,3506
1,2010,0-19,6612,3,Chêne-Bougeries,3508
1,2010,0-19,6607,0,Bernex,3512
1,1989,0-19,6607,0,Bernex,3516
2,2016,20-64,6638,8,Satigny,3540
1,2010,20-64,6638,11,Satigny,3545
1,2004,0-19,6607,0,Bernex,3571
2,1998,65+,6612,55,Chêne-Bougeries,3571
1,1992,65+,6628,71,Lancy,3581
1,2007,0-19,6607,0,Bernex,3585
2,2016,65+,6644,50,Versoix,3588
2,2007,20-64,6618,16,Confignon,3592
1,2004,65+,6631,89,Onex,3626
1,1992,65+,6643,87,Vernier,3632
2,1989,65+,6608,74,Carouge,3645
2,1992,0-19,6644,0,Versoix,3667
1,2013,20-64,6638,7,Satigny,3672
1,2013,0-19,6612,1,Chêne-Bougeries,3674
1,2013,20-64,6618,10,Confignon,3683
1,2013,65+,6608,112,Carouge,3688
2,2010,20-64,6618,14,Confignon,3704
2,2019,20-64,6638,13,Satigny,3717
2,2001,65+,6612,56,Chêne-Bougeries,3729
2,2019,65+,6644,57,Versoix,3762
2,1995,65+,6631,64,Onex,3763
2,1992,0-19,6640,2,Thônex,3778
1,2016,20-64,6638,11,Satigny,3792
1,1992,0-19,6640,2,Thônex,3798
1,2016,65+,6608,121,Carouge,3799
1,2016,20-64,6618,14,Confignon,3833
1,1992,20-64,6617,6,Cologny,3834
2,1989,20-64,6617,15,Cologny,3854
1,2019,20-64,6618,15,Confignon,3856
2,2016,0-19,6612,0,Chêne-Bougeries,3859
1,1989,0-19,6644,0,Versoix,3865
1,2010,20-64,6617,15,Cologny,3869
2,2013,20-64,6618,18,Confignon,3891
2,1992,65+,6608,73,Carouge,3892
2,2007,65+,6640,46,Thônex,3904
1,2007,20-64,6617,17,Cologny,3910
2,2004,0-19,6633,0,Plan-les-Ouates,3910
2,2004,65+,6612,70,Chêne-Bougeries,3911
2,1995,0-19,6640,0,Thônex,3923
1,1998,20-64,6617,14,Cologny,3937
1,1995,20-64,6617,11,Cologny,3939
1,2019,65+,6608,129,Carouge,3948
1,2007,65+,6631,108,Onex,3958
1,1992,0-19,6644,1,Versoix,3969
2,1995,0-19,6644,1,Versoix,3976
1,1995,0-19,6640,0,Thônex,3980
2,2016,20-64,6618,10,Confignon,3986
1,2019,20-64,6638,26,Satigny,4029
1,2004,20-64,6617,12,Cologny,4036
2,2019,0-19,6633,1,Plan-les-Ouates,4037
2,1998,65+,6631,64,Onex,4045
1,1995,65+,6643,103,Vernier,4056
1,2001,20-64,6617,8,Cologny,4093
2,2019,20-64,6618,14,Confignon,4100
1,2016,0-19,6612,0,Chêne-Bougeries,4105
1,2019,0-19,6633,0,Plan-les-Ouates,4114
2,1995,65+,6608,82,Carouge,4125
1,1995,65+,6628,107,Lancy,4128
2,2016,0-19,6633,0,Plan-les-Ouates,4138
1,2013,20-64,6617,15,Cologny,4154
1,2004,0-19,6633,1,Plan-les-Ouates,4156
2,2019,0-19,6612,0,Chêne-Bougeries,4181
1,2010,65+,6631,107,Onex,4193
2,2010,65+,6640,68,Thônex,4197
2,1998,0-19,6640,2,Thônex,4204
2,1992,20-64,6617,16,Cologny,4255
2,2007,65+,6612,59,Chêne-Bougeries,4256
2,1998,65+,6608,70,Carouge,4280
1,2016,0-19,6633,3,Plan-les-Ouates,4292
2,2007,0-19,6633,1,Plan-les-Ouates,4311
1,1995,0-19,6644,0,Versoix,4332
2,1995,20-64,6617,9,Cologny,4351
2,1998,20-64,6617,11,Cologny,4367
2,2013,0-19,6633,0,Plan-les-Ouates,4367
2,1998,0-19,6644,0,Versoix,4370
1,2013,0-19,6633,1,Plan-les-Ouates,4390
1,1998,65+,6643,131,Vernier,4393
2,2010,20-64,6617,10,Cologny,4398
1,2016,20-64,6617,11,Cologny,4412
2,2007,20-64,6617,26,Cologny,4415
2,2010,0-19,6633,0,Plan-les-Ouates,4429
2,2001,65+,6608,64,Carouge,4439
1,2013,65+,6631,86,Onex,4441
2,2013,65+,6640,70,Thônex,4441
2,2016,0-19,6640,0,Thônex,4454
1,2016,0-19,6640,1,Thônex,4478
1,2019,65+,6631,108,Onex,4489
1,1998,0-19,6640,0,Thônex,4496
1,2016,65+,6631,129,Onex,4525
2,2004,65+,6608,72,Carouge,4534
2,2019,0-19,6640,4,Thônex,4535
2,2001,65+,6631,66,Onex,4541
2,2004,20-64,6617,25,Cologny,4559
2,2010,65+,6612,69,Chêne-Bougeries,4559
1,2010,0-19,6633,0,Plan-les-Ouates,4562
1,2007,0-19,6633,1,Plan-les-Ouates,4563
2,2016,65+,6640,64,Thônex,4583
1,1989,0-19,6608,0,Carouge,4584
1,2019,0-19,6612,1,Chêne-Bougeries,4588
2,1989,0-19,6608,0,Carouge,4608
1,2019,20-64,6617,15,Cologny,4612
1,1998,65+,6628,99,Lancy,4618
2,2001,20-64,6617,25,Cologny,4618
2,2013,0-19,6640,0,Thônex,4633
1,2019,0-19,6640,0,Thônex,4644
1,2013,0-19,6640,0,Thônex,4649
2,2013,20-64,6617,16,Cologny,4683
1,1989,20-64,6633,19,Plan-les-Ouates,4703
2,1989,20-64,6633,14,Plan-les-Ouates,4716
1,1998,0-19,6644,0,Versoix,4726
2,2007,65+,6608,66,Carouge,4737
2,2010,0-19,6640,1,Thônex,4760
2,2019,0-19,6644,1,Versoix,4769
2,2001,0-19,6644,0,Versoix,4780
2,2001,0-19,6640,1,Thônex,4786
1,2010,0-19,6640,2,Thônex,4804
2,2019,65+,6640,63,Thônex,4819
2,2013,65+,6612,110,Chêne-Bougeries,4863
2,2016,0-19,6644,0,Versoix,4867
2,1992,20-64,6633,16,Plan-les-Ouates,4869
2,2007,0-19,6640,0,Thônex,4869
1,1992,20-64,6633,15,Plan-les-Ouates,4874
1,2007,0-19,6640,1,Thônex,4874
1,2001,0-19,6644,0,Versoix,4878
2,2019,65+,6612,87,Chêne-Bougeries,4880
1,2001,65+,6643,118,Vernier,4895
2,2016,20-64,6617,16,Cologny,4922
2,2004,0-19,6640,1,Thônex,4937
2,2016,65+,6612,108,Chêne-Bougeries,4942
2,1989,65+,6628,59,Lancy,4956
1,2004,0-19,6640,0,Thônex,4992
1,2001,0-19,6640,0,Thônex,5045
2,1992,0-19,6608,1,Carouge,5056
1,2001,65+,6628,150,Lancy,5060
2,2013,0-19,6644,0,Versoix,5063
2,1992,0-19,6631,1,Onex,5091
2,2004,65+,6631,74,Onex,5097
2,2010,65+,6608,80,Carouge,5113
2,2004,0-19,6644,3,Versoix,5138
2,2019,20-64,6617,17,Cologny,5162
1,1992,0-19,6608,2,Carouge,5180
1,2004,65+,6643,118,Vernier,5243
1,1992,0-19,6631,0,Onex,5250
1,2019,0-19,6644,0,Versoix,5256
1,1995,20-64,6633,13,Plan-les-Ouates,5280
1,2004,0-19,6644,1,Versoix,5291
2,1989,0-19,6631,2,Onex,5298
1,2016,0-19,6644,2,Versoix,5334
2,2013,65+,6608,87,Carouge,5342
2,2010,0-19,6644,0,Versoix,5345
2,1995,0-19,6608,0,Carouge,5356
2,1992,65+,6628,68,Lancy,5363
2,1995,0-19,6631,0,Onex,5365
2,1998,0-19,6608,3,Carouge,5417
2,2007,0-19,6644,0,Versoix,5427
2,1995,20-64,6633,12,Plan-les-Ouates,5434
2,1989,65+,6643,85,Vernier,5438
1,2013,0-19,6644,1,Versoix,5440
1,2004,65+,6628,159,Lancy,5465
1,1995,0-19,6631,0,Onex,5467
1,1995,0-19,6608,0,Carouge,5469
1,1989,0-19,6631,1,Onex,5481
1,1998,0-19,6608,3,Carouge,5482
1,1998,0-19,6631,0,Onex,5518
1,2010,0-19,6644,1,Versoix,5530
2,1998,0-19,6631,1,Onex,5535
2,2016,65+,6608,110,Carouge,5537
1,2007,0-19,6644,1,Versoix,5595
2,2007,65+,6631,77,Onex,5606
2,2001,0-19,6631,1,Onex,5616
2,1992,65+,6643,64,Vernier,5660
1,1998,20-64,6633,23,Plan-les-Ouates,5712
2,2007,0-19,6631,3,Onex,5765
1,2001,0-19,6631,1,Onex,5789
2,2001,0-19,6608,1,Carouge,5789
2,2010,0-19,6631,3,Onex,5802
1,1989,20-64,6613,19,Chêne-Bourg,5837
2,2004,0-19,6631,1,Onex,5849
1,2007,65+,6628,146,Lancy,5850
1,2001,0-19,6608,1,Carouge,5851
1,2007,65+,6643,142,Vernier,5859
2,2013,0-19,6631,0,Onex,5859
2,2019,65+,6608,111,Carouge,5860
2,1995,65+,6628,67,Lancy,5882
1,1995,20-64,6613,24,Chêne-Bourg,5898
2,1995,65+,6643,59,Vernier,5914
1,2007,0-19,6631,1,Onex,5916
1,1992,20-64,6613,18,Chêne-Bourg,5930
1,2004,0-19,6631,2,Onex,5934
2,1998,20-64,6633,24,Plan-les-Ouates,5954
2,2010,65+,6631,92,Onex,5978
2,2004,0-19,6608,1,Carouge,6004
1,2010,0-19,6631,2,Onex,6014
1,2004,0-19,6608,1,Carouge,6058
2,2016,0-19,6631,3,Onex,6077
1,2013,0-19,6631,2,Onex,6126
2,2007,0-19,6608,2,Carouge,6158
2,2019,0-19,6631,1,Onex,6162
1,2007,0-19,6608,2,Carouge,6182
2,1998,65+,6643,75,Vernier,6189
1,2019,0-19,6631,0,Onex,6203
1,2010,65+,6628,168,Lancy,6220
1,1998,20-64,6613,21,Chêne-Bourg,6242
2,1989,20-64,6613,15,Chêne-Bourg,6262
1,2010,65+,6643,176,Vernier,6334
2,2010,0-19,6608,0,Carouge,6334
1,2010,0-19,6608,2,Carouge,6339
1,2016,0-19,6631,0,Onex,6364
2,1992,20-64,6613,17,Chêne-Bourg,6371
2,1998,65+,6628,77,Lancy,6404
1,2016,65+,6628,183,Lancy,6406
2,2013,65+,6631,82,Onex,6441
1,2013,65+,6628,166,Lancy,6460
2,1995,20-64,6613,19,Chêne-Bourg,6485
2,2019,65+,6631,95,Onex,6490
2,2013,0-19,6608,1,Carouge,6500
2,2016,65+,6631,102,Onex,6520
2,2001,65+,6643,92,Vernier,6602
1,2019,65+,6628,150,Lancy,6628
1,2013,65+,6643,156,Vernier,6638
1,2001,20-64,6633,25,Plan-les-Ouates,6647
1,2013,0-19,6608,1,Carouge,6652
1,2016,65+,6643,168,Vernier,6725
1,2001,20-64,6613,26,Chêne-Bourg,6746
2,2001,65+,6628,80,Lancy,6882
2,2019,0-19,6608,1,Carouge,6888
2,2016,0-19,6608,1,Carouge,6960
1,2019,65+,6643,175,Vernier,6983
2,2004,65+,6643,85,Vernier,7006
2,2001,20-64,6633,38,Plan-les-Ouates,7009
1,2004,20-64,6613,31,Chêne-Bourg,7028
2,1998,20-64,6613,22,Chêne-Bourg,7031
1,2007,20-64,6613,31,Chêne-Bourg,7071
1,2019,0-19,6608,3,Carouge,7170
1,2010,20-64,6613,21,Chêne-Bourg,7263
1,2016,0-19,6608,1,Carouge,7272
2,2004,65+,6628,102,Lancy,7412
2,1992,0-19,6628,0,Lancy,7482
1,2013,20-64,6613,17,Chêne-Bourg,7498
2,1989,0-19,6628,2,Lancy,7541
1,2004,20-64,6633,18,Plan-les-Ouates,7569
2,2004,20-64,6613,22,Chêne-Bourg,7605
2,2001,20-64,6613,31,Chêne-Bourg,7608
2,2007,65+,6643,105,Vernier,7697
2,2007,20-64,6613,29,Chêne-Bourg,7761
1,1992,0-19,6628,2,Lancy,7769
1,2016,20-64,6613,34,Chêne-Bourg,7797
1,1989,0-19,6628,2,Lancy,7845
1,1998,20-64,6612,29,Chêne-Bougeries,7935
2,2007,65+,6628,117,Lancy,7954
1,2019,20-64,6613,18,Chêne-Bourg,7957
1,1995,20-64,6607,24,Bernex,7964
2,1995,0-19,6628,0,Lancy,7993
2,2010,20-64,6613,30,Chêne-Bourg,8017
1,2001,20-64,6612,24,Chêne-Bougeries,8018
1,1995,20-64,6612,39,Chêne-Bougeries,8021
1,1998,20-64,6607,26,Bernex,8044
1,1989,20-64,6644,17,Versoix,8105
1,1992,20-64,6612,21,Chêne-Bougeries,8114
1,1989,20-64,6607,17,Bernex,8136
2,2013,20-64,6613,26,Chêne-Bourg,8168
1,1992,20-64,6607,24,Bernex,8178
1,1989,20-64,6612,25,Chêne-Bougeries,8188
1,2004,20-64,6612,29,Chêne-Bougeries,8190
1,2007,20-64,6633,25,Plan-les-Ouates,8194
2,2004,20-64,6633,22,Plan-les-Ouates,8205
2,2010,65+,6643,117,Vernier,8216
1,2007,20-64,6612,45,Chêne-Bougeries,8237
2,1995,20-64,6607,30,Bernex,8310
2,1998,0-19,6628,0,Lancy,8364
1,2010,20-64,6612,23,Chêne-Bougeries,8376
1,1992,20-64,6644,27,Versoix,8385
2,2016,20-64,6613,27,Chêne-Bourg,8400
2,1998,20-64,6607,33,Bernex,8432
2,2019,20-64,6613,29,Chêne-Bourg,8450
2,1992,20-64,6607,21,Bernex,8451
1,2001,20-64,6607,27,Bernex,8484
1,1995,0-19,6628,1,Lancy,8490
1,2007,20-64,6607,37,Bernex,8508
2,1989,20-64,6607,22,Bernex,8517
1,2004,20-64,6607,37,Bernex,8577
1,2010,20-64,6633,28,Plan-les-Ouates,8627
2,2010,65+,6628,136,Lancy,8636
1,1995,20-64,6644,25,Versoix,8646
2,2001,0-19,6628,2,Lancy,8678
2,2013,65+,6643,144,Vernier,8690
2,2007,20-64,6612,41,Chêne-Bougeries,8712
1,2010,20-64,6607,27,Bernex,8717
2,2001,20-64,6607,43,Bernex,8721
2,1989,20-64,6644,27,Versoix,8732
2,2010,20-64,6612,33,Chêne-Bougeries,8754
1,2013,20-64,6612,23,Chêne-Bougeries,8820
1,1998,0-19,6628,3,Lancy,8868
2,2010,20-64,6607,29,Bernex,8906
1,2013,20-64,6607,32,Bernex,8907
1,2013,20-64,6633,28,Plan-les-Ouates,8914
2,2016,65+,6643,143,Vernier,8919
2,2001,20-64,6612,44,Chêne-Bougeries,8926
2,2013,20-64,6607,42,Bernex,8946
2,2004,20-64,6607,28,Bernex,8955
2,2013,65+,6628,133,Lancy,8968
2,2016,65+,6628,151,Lancy,8970
2,2004,20-64,6612,37,Chêne-Bougeries,8978
2,1998,20-64,6612,42,Chêne-Bougeries,8983
2,2019,20-64,6607,44,Bernex,8988
1,2016,20-64,6607,38,Bernex,8992
1,1998,20-64,6644,25,Versoix,9010
2,2007,20-64,6633,29,Plan-les-Ouates,9019
2,2007,20-64,6607,33,Bernex,9026
2,2016,20-64,6607,30,Bernex,9030
2,2019,65+,6643,147,Vernier,9102
2,2019,65+,6628,163,Lancy,9114
2,1992,20-64,6644,34,Versoix,9153
1,2019,20-64,6607,29,Bernex,9176
2,2004,0-19,6628,1,Lancy,9195
2,1995,20-64,6612,29,Chêne-Bougeries,9199
2,2013,20-64,6612,27,Chêne-Bougeries,9216
1,2001,0-19,6628,2,Lancy,9231
2,2010,20-64,6633,29,Plan-les-Ouates,9279
2,1989,20-64,6612,35,Chêne-Bougeries,9300
2,2013,20-64,6633,56,Plan-les-Ouates,9333
2,1992,20-64,6612,36,Chêne-Bougeries,9339
1,2016,20-64,6633,30,Plan-les-Ouates,9416
1,2001,20-64,6644,39,Versoix,9524
2,2007,0-19,6628,2,Lancy,9560
1,2016,20-64,6612,43,Chêne-Bougeries,9568
2,1995,20-64,6644,30,Versoix,9568
1,2004,0-19,6628,1,Lancy,9637
2,2016,20-64,6633,31,Plan-les-Ouates,9768
1,1989,20-64,6640,31,Thônex,9776
2,2010,0-19,6628,4,Lancy,9856
1,2007,0-19,6628,1,Lancy,9897
1,2019,20-64,6633,20,Plan-les-Ouates,9901
2,2016,20-64,6612,37,Chêne-Bougeries,10005
2,1992,0-19,6643,0,Vernier,10008
1,2010,0-19,6628,0,Lancy,10125
2,1998,20-64,6644,51,Versoix,10143
1,2004,20-64,6644,36,Versoix,10206
1,1995,20-64,6640,26,Thônex,10221
2,2019,20-64,6633,42,Plan-les-Ouates,10221
2,1989,0-19,6643,0,Vernier,10238
1,1998,20-64,6640,34,Thônex,10389
1,1992,20-64,6640,35,Thônex,10439
2,1989,20-64,6640,26,Thônex,10474
1,2019,20-64,6612,35,Chêne-Bougeries,10477
1,1989,0-19,6643,2,Vernier,10490
1,1992,0-19,6643,1,Vernier,10496
2,2013,0-19,6628,1,Lancy,10537
2,2001,20-64,6644,36,Versoix,10538
2,1995,20-64,6640,38,Thônex,10700
1,2013,0-19,6628,2,Lancy,10736
2,1995,0-19,6643,1,Vernier,10826
1,2007,20-64,6644,32,Versoix,10875
2,1992,20-64,6640,43,Thônex,10914
2,1998,0-19,6643,1,Vernier,10993
2,2019,20-64,6612,51,Chêne-Bougeries,10998
1,1998,0-19,6643,1,Vernier,11014
1,2010,20-64,6644,32,Versoix,11037
1,1995,0-19,6643,2,Vernier,11078
2,1998,20-64,6640,36,Thônex,11105
2,2004,20-64,6644,52,Versoix,11121
2,2016,0-19,6628,3,Lancy,11165
2,2001,0-19,6643,1,Vernier,11169
1,2013,20-64,6644,29,Versoix,11191
2,2004,0-19,6643,1,Vernier,11210
1,2001,20-64,6640,39,Thônex,11214
2,2019,0-19,6643,3,Vernier,11336
1,2016,20-64,6644,28,Versoix,11365
1,2019,20-64,6644,32,Versoix,11370
1,2016,0-19,6628,2,Lancy,11375
1,2004,20-64,6640,53,Thônex,11417
1,2007,20-64,6640,51,Thônex,11521
2,2007,0-19,6643,0,Vernier,11550
2,2016,0-19,6643,2,Vernier,11581
2,2010,0-19,6643,2,Vernier,11656
2,2019,0-19,6628,3,Lancy,11746
2,2013,0-19,6643,2,Vernier,11769
2,2007,20-64,6644,45,Versoix,11837
1,2010,20-64,6640,47,Thônex,11883
1,2001,0-19,6643,1,Vernier,11901
1,2007,0-19,6643,1,Vernier,12059
1,2019,0-19,6628,5,Lancy,12069
2,2010,20-64,6644,59,Versoix,12082
1,2010,0-19,6643,3,Vernier,12089
1,2004,0-19,6643,2,Vernier,12151
1,2016,0-19,6643,1,Vernier,12188
2,2007,20-64,6640,55,Thônex,12230
1,2019,0-19,6643,5,Vernier,12235
2,2013,20-64,6644,45,Versoix,12244
2,2010,20-64,6640,42,Thônex,12291
2,2001,20-64,6640,51,Thônex,12296
2,2004,20-64,6640,47,Thônex,12297
2,2016,20-64,6644,45,Versoix,12300
2,2019,20-64,6644,54,Versoix,12339
1,2013,20-64,6640,32,Thônex,12361
1,2013,0-19,6643,1,Vernier,12430
1,2016,20-64,6640,45,Thônex,12613
2,2013,20-64,6640,47,Thônex,12747
2,2016,20-64,6640,53,Thônex,13006
1,2019,20-64,6640,42,Thônex,13129
2,2019,20-64,6640,62,Thônex,13335
1,1992,20-64,6631,75,Onex,14791
1,1998,20-64,6631,53,Onex,14816
1,1995,20-64,6631,52,Onex,14858
1,1989,20-64,6608,57,Carouge,15034
1,2007,20-64,6631,62,Onex,15081
1,2001,20-64,6631,61,Onex,15084
1,1989,20-64,6631,55,Onex,15284
2,1989,20-64,6608,43,Carouge,15410
1,2010,20-64,6631,57,Onex,15430
1,2004,20-64,6631,75,Onex,15466
2,2007,20-64,6631,57,Onex,15771
1,2013,20-64,6631,67,Onex,15839
1,1992,20-64,6608,50,Carouge,15884
2,2010,20-64,6631,49,Onex,15914
1,1995,20-64,6608,69,Carouge,15930
2,1998,20-64,6631,51,Onex,16169
2,2001,20-64,6631,63,Onex,16198
2,2004,20-64,6631,53,Onex,16212
1,1998,20-64,6608,59,Carouge,16238
2,1995,20-64,6631,51,Onex,16277
2,1992,20-64,6631,59,Onex,16348
1,2016,20-64,6631,45,Onex,16434
2,2013,20-64,6631,58,Onex,16436
2,1992,20-64,6608,65,Carouge,16560
2,1989,20-64,6631,38,Onex,16571
1,2019,20-64,6631,59,Onex,16745
2,1995,20-64,6608,69,Carouge,16765
2,2019,20-64,6631,63,Onex,16890
2,2016,20-64,6631,51,Onex,16924
2,1998,20-64,6608,73,Carouge,16975
1,2001,20-64,6608,60,Carouge,17488
2,2001,20-64,6608,74,Carouge,18095
1,2004,20-64,6608,53,Carouge,18284
1,2007,20-64,6608,52,Carouge,18634
2,2004,20-64,6608,64,Carouge,19049
1,2010,20-64,6608,51,Carouge,19400
2,2007,20-64,6608,56,Carouge,19454
2,2010,20-64,6608,81,Carouge,20174
1,2013,20-64,6608,73,Carouge,20521
2,2013,20-64,6608,68,Carouge,21176
1,2016,20-64,6608,105,Carouge,21639
1,2019,20-64,6608,70,Carouge,21881
2,2016,20-64,6608,97,Carouge,22408
1,1989,20-64,6628,69,Lancy,22533
1,1992,20-64,6628,63,Lancy,22586
2,2019,20-64,6608,103,Carouge,22910
1,1998,20-64,6628,86,Lancy,23478
1,1995,20-64,6628,85,Lancy,23646
1,2001,20-64,6628,83,Lancy,23684
2,1989,20-64,6628,61,Lancy,23797
2,1992,20-64,6628,63,Lancy,24151
1,2004,20-64,6628,97,Lancy,24307
1,2007,20-64,6628,81,Lancy,24676
2,1998,20-64,6628,73,Lancy,24984
2,2001,20-64,6628,110,Lancy,25372
2,1995,20-64,6628,85,Lancy,25448
1,2010,20-64,6628,80,Lancy,25455
2,2004,20-64,6628,116,Lancy,25597
2,2007,20-64,6628,101,Lancy,25685
2,2010,20-64,6628,91,Lancy,26440
1,1995,20-64,6643,82,Vernier,27012
1,1998,20-64,6643,86,Vernier,27116
1,1992,20-64,6643,75,Vernier,27226
1,2013,20-64,6628,83,Lancy,27445
2,1998,20-64,6643,91,Vernier,27544
2,1992,20-64,6643,72,Vernier,27616
1,1989,20-64,6643,75,Vernier,27655
2,1989,20-64,6643,74,Vernier,27810
2,1995,20-64,6643,85,Vernier,27964
2,2013,20-64,6628,85,Lancy,28040
2,2001,20-64,6643,83,Vernier,28216
1,2001,20-64,6643,73,Vernier,28473
2,2004,20-64,6643,108,Vernier,28938
1,2016,20-64,6628,88,Lancy,29012
1,2004,20-64,6643,109,Vernier,29502
2,2007,20-64,6643,98,Vernier,29761
1,1989,65+,6621,827,Genève,29774
2,2016,20-64,6628,82,Lancy,29872
1,1992,65+,6621,774,Genève,30152
1,2019,20-64,6628,114,Lancy,30603
1,2007,20-64,6643,113,Vernier,30631
1,1995,65+,6621,827,Genève,30706
1,1998,65+,6621,830,Genève,31216
2,2010,20-64,6643,116,Vernier,31284
2,2019,20-64,6628,112,Lancy,31675
1,2010,20-64,6643,106,Vernier,31933
1,2001,65+,6621,921,Genève,32085
2,2013,20-64,6643,116,Vernier,32467
2,2016,20-64,6643,77,Vernier,32642
2,2019,20-64,6643,106,Vernier,32688
1,2004,65+,6621,828,Genève,33035
1,2013,20-64,6643,108,Vernier,33235
1,2019,20-64,6643,121,Vernier,33825
1,2016,20-64,6643,91,Vernier,33838
1,2007,65+,6621,882,Genève,34371
1,2010,65+,6621,857,Genève,36362
1,2013,65+,6621,923,Genève,38185
1,2016,65+,6621,957,Genève,39287
1,2019,65+,6621,941,Genève,40242
2,1989,0-19,6621,7,Genève,44314
1,1989,0-19,6621,8,Genève,45487
2,1992,0-19,6621,6,Genève,47181
2,1998,0-19,6621,7,Genève,47714
2,1995,0-19,6621,6,Genève,47962
1,1992,0-19,6621,13,Genève,48475
2,2001,0-19,6621,7,Genève,48610
2,2004,0-19,6621,9,Genève,48879
2,2007,0-19,6621,5,Genève,49146
1,1998,0-19,6621,11,Genève,49310
1,1995,0-19,6621,8,Genève,49316
2,2010,0-19,6621,6,Genève,49877
1,2001,0-19,6621,7,Genève,50243
2,2013,0-19,6621,8,Genève,50698
1,2004,0-19,6621,6,Genève,50749
1,2007,0-19,6621,3,Genève,51757
2,2016,0-19,6621,10,Genève,52088
1,2010,0-19,6621,12,Genève,52147
2,2019,0-19,6621,13,Genève,52624
1,2013,0-19,6621,14,Genève,53214
2,2004,65+,6621,778,Genève,53506
2,2001,65+,6621,829,Genève,53628
2,1998,65+,6621,853,Genève,53942
2,1989,65+,6621,806,Genève,54030
1,2016,0-19,6621,14,Genève,54320
2,1995,65+,6621,775,Genève,54337
2,1992,65+,6621,812,Genève,54528
2,2007,65+,6621,840,Genève,54529
1,2019,0-19,6621,12,Genève,54996
2,2010,65+,6621,940,Genève,55830
2,2013,65+,6621,893,Genève,57264
2,2016,65+,6621,871,Genève,57763
2,2019,65+,6621,826,Genève,58041
1,1989,20-64,6621,449,Genève,163737
1,1992,20-64,6621,456,Genève,165500
1,1995,20-64,6621,450,Genève,165926
1,1998,20-64,6621,555,Genève,167820
2,1989,20-64,6621,496,Genève,175003
1,2001,20-64,6621,550,Genève,175401
2,1992,20-64,6621,490,Genève,176614
2,1995,20-64,6621,506,Genève,177637
2,1998,20-64,6621,608,Genève,179335
1,2004,20-64,6621,600,Genève,179947
1,2007,20-64,6621,610,Genève,182304
2,2001,20-64,6621,654,Genève,186788
1,2010,20-64,6621,595,Genève,187483
2,2004,20-64,6621,629,Genève,190331
2,2007,20-64,6621,621,Genève,191000
1,2013,20-64,6621,540,Genève,193328
2,2010,20-64,6621,644,Genève,194775
1,2016,20-64,6621,581,Genève,198252
2,2013,20-64,6621,655,Genève,200010
1,2019,20-64,6621,560,Genève,200564
2,2016,20-64,6621,620,Genève,204936
2,2019,20-64,6621,615,Genève,208696
